16	ja	 Montblanc Writers Edition: Friedrich Schiller - Füllfederhalter - Füllfeder - Limited - Jahr 2000 </h1> 	モンブラン ライターズエディション：フリードリヒ・シラー - 万年筆 - 万年筆 - 限定 - 2000年	verdaechtig_kurz_oder_falsch
17	ja	 Montblanc Writers Edition: Charles Dickens - Füllfederhalter - Füllfeder - Limited Jahr 2001 </h1> 	モンブラン ライターズエディション：チャールズ・ディケンズ - 万年筆 - 万年筆 - 限定2001年	verdaechtig_kurz_oder_falsch
18	ja	 Montblanc Writers Edition Triple Set 1998 Edgar Allan Poe - Füllfederhalter - Füllfeder - Kugelschreiber Limited ID 28707 </h1> 	モンブランライターズエディショントリプルセット1998エドガー・アラン・ポー - 万年筆 - ボールペン - 限定ID 28707	verdaechtig_kurz_oder_falsch
29	ja	Antikes Welt-Unikat / Persischer Teppich der Superlative 	アンティークの世界的なユニーク / 最高級のペルシャ絨毯	verdaechtig_kurz_oder_falsch
32	ja	Ein maßgefertigter Tisch von stiller Eleganz, kompromissloser Qualität und zeitloser Präsenz.	静かなエレガンス、妥協のない品質、そして時代を超えた存在感を持つオーダーメイドのテーブル。	verdaechtig_kurz_oder_falsch
40	ja	Einzigartiger vollausgestatteter Weinkeller in einem generalsanierten Jahrhundertwendehaus	全面装備されたユニークなワインセラーがある、全面改装された世紀末の家	verdaechtig_kurz_oder_falsch
1174	tr	Der Klassiker	Klasik	verdaechtig_kurz_oder_falsch
1174	ja	Der Klassiker	クラシック	verdaechtig_kurz_oder_falsch
1174	pl	Der Klassiker	Klasyk	verdaechtig_kurz_oder_falsch
1738	ja	Potente Limousine mit Wertsteigerungspotential	価値上昇の可能性がある高性能セダン	verdaechtig_kurz_oder_falsch
2066	ja	Betriebsfertiger Agriturismo mit eigenem Weinberg, in touristisch hochinteressanter Weingegend.	観光的に非常に魅力的なワイン産地に位置する、自営のブドウ畑を持つ運営済みのアグリツーリズモ。	verdaechtig_kurz_oder_falsch
2069	ja	Exklusive Restaurant-Villa mit vier individuell ausgestatteten Gästezimmern.	4つの個別に装備されたゲストルームを備えた高級レストランヴィラ。	verdaechtig_kurz_oder_falsch
3000	ja	Villa zum Verkauf in - Marbella	マルベラの販売用ヴィラ	verdaechtig_kurz_oder_falsch
3617	ja	***Baugrundstück in Charlotte County - in Florida***	***シャーロット郡の土地 - フロリダ州***	verdaechtig_kurz_oder_falsch
3618	ja	***tolles Grundstück zur Bebauung direkt am Cocoplum-Kanal in Florida***	***フロリダのココプラム運河沿いの素晴らしい土地***	verdaechtig_kurz_oder_falsch
3619	ja	***Schönes 930m² großes Baugrundstück am Frischwasser-Kanal***	***新鮮な水路沿いの930平方メートルの素晴らしい建築用地***	verdaechtig_kurz_oder_falsch
3620	ja	***Schönes Baugrundstück nähe Wasserstraße und Golfplätzen in South Gulf Cove***	***ウォーターストリートやゴルフ場の近くにある素敵な建築用地***	verdaechtig_kurz_oder_falsch
3622	ja	***Exklusive Wohngegend - Grundstück nähe Golfplatz***	***高級住宅地 - ゴルフ場近くの土地***	verdaechtig_kurz_oder_falsch
3717	ja	***Idyllisches Grundstück am Bach***	***小川沿いの理想的な土地***	verdaechtig_kurz_oder_falsch
3718	ja	***Tolles Baugrundstück mit phantastischer Aussicht***	***素晴らしい眺めの素晴らしい土地***	verdaechtig_kurz_oder_falsch
3722	ja	***Baugrundstück für Sportbegeisterte***	***スポーツ愛好家向けの土地***	verdaechtig_kurz_oder_falsch
3724	ja	***Wunderbares Grundstück in Meeresnähe***	***海の近くの素晴らしい土地***	verdaechtig_kurz_oder_falsch
3726	ja	***Traumhaftes Eckgrundstück in Strandnähe - Englewood***	***ビーチ近くの夢のような角地 - エングルウッド***	verdaechtig_kurz_oder_falsch
3727	ja	***TOP BAUGRUNDSTÜCK direkt am Motorboot-Kanal - Florida***	***モーターボート運河沿いのトップ土地 - フロリダ***	verdaechtig_kurz_oder_falsch
3730	ja	***Schönes Baugrundstück direkt am Frischwasserkanal - in Florida***	***フロリダの新鮮な水路沿いの素晴らしい土地***	verdaechtig_kurz_oder_falsch
3734	ja	***Nobles Grundstück - nur wenige Meter vom See entfernt***	***ノーブルの土地 - 湖からわずか数メートル***	verdaechtig_kurz_oder_falsch
5024	ja	Luxuriöses Anwesen in Gargnano mit Seeblick und Swimming Pool	ガルグナーノの豪華な邸宅、湖の眺めとプール付き	verdaechtig_kurz_oder_falsch
5146	ja	***FLORIDA: DIREKT VOM ET WSG GERMANY - Tolles Baugrundstück am Wasser***	***フロリダ：ドイツET WSGから直接 - 水辺の素晴らしい土地***	verdaechtig_kurz_oder_falsch
5147	ja	***FLORIDA: DIREKT VOM ET WSG GERMANY - TOP Baugrundstück im Neubaugebiet***	***フロリダ：ドイツET WSGから直接 - 新築地のトップ建築用地***	verdaechtig_kurz_oder_falsch
5149	ja	***FLORIDA: DIREKT VOM ET WSG GERMANY - Im Neubaugebiet - 1000m² großes Bauland***	***フロリダ：ドイツのET WSGから直接 - 新築地帯 - 1000㎡の土地***	verdaechtig_kurz_oder_falsch
5154	ja	***FLORIDA: DIREKT VOM ET WSG GERMANY - Schönes Baugrundstück***	***フロリダ：ドイツのET WSGから直接 - 美しい土地***	verdaechtig_kurz_oder_falsch
5156	ja	***FLORIDA: DIREKT VOM ET WSG GERMANY - bereits gerodetes Baugrundstück im Neubaugebiet***	***フロリダ：ドイツのET WSGから直接 - 既に伐採された新築地の土地***	verdaechtig_kurz_oder_falsch
5214	ja	***FLORIDA: DIREKT VOM ET WSG GERMANY - Traumhaftes Baugrundstück am Wasser***	***フロリダ：ET WSG GERMANYから直接 - 水辺の夢の土地***	verdaechtig_kurz_oder_falsch
5506	ja	***Grundstück mit exklusivem Ausblick in Calpe zu verkaufen***	***カルペの独占的な眺望の土地を販売***	verdaechtig_kurz_oder_falsch
8586	ja	** PRIVAT VERKAUF** Top Liebhaberfahrzeug umfassend Techniküberholung	**個人販売** 愛好者向けの車両、徹底的な技術的オーバーホール済み	verdaechtig_kurz_oder_falsch
8799	ja	***FLORIDA: Bewachsenes Bauland im absoluten Neubaugebiet - direkt vom ET***	***フロリダ：新築エリアの緑豊かな土地 - 直接ETから***	verdaechtig_kurz_oder_falsch
8803	ja	***FLORIDA: Erschlossenes Eckgrundstück in Beachnähe - direkt vom ET***	***フロリダ：ビーチ近くの開発済み角地 - 直接ETから***	verdaechtig_kurz_oder_falsch
8812	ja	***FLORIDA: Erschlossenes Baugrundstück in Beachnähe - direkt vom ET***	***フロリダ：ビーチ近くの開発可能な土地 - 直接のETから***	verdaechtig_kurz_oder_falsch
8820	ja	***FLORIDA: Bewachsenes Baugrundstück in Strandnähe - direkt vom ET***	***フロリダ：ビーチ近くの緑豊かな建築用地 - 直接ETから***	verdaechtig_kurz_oder_falsch
8821	ja	***FLORIDA: Sehr großes und voll erschlossenes Grundstück direkt vom ET***	***フロリダ：ETから直接の非常に大きく完全に開発された土地***	verdaechtig_kurz_oder_falsch
10748	ja	hochwertige Lager / Prod. mit Verwaltungstrakt	高品質の倉庫 / 管理棟付き	verdaechtig_kurz_oder_falsch
11598	ja	***FLORIDA: DIREKT VOM ET WSG GERMANY - Schönes Baugrundstück im Neubaugebiet***	***フロリダ：ドイツET WSGから直接 - 新築地の美しい土地***	verdaechtig_kurz_oder_falsch
11601	ja	***FLORIDA: DIREKT VOM ET WSG GERMANY - Einzigartiges Baugrundstück mit Seeblick***	***フロリダ：ET WSG GERMANYから直接 - 独特な湖ビューの土地***	verdaechtig_kurz_oder_falsch
11603	ja	***FLORIDA: DIREKT VOM ET WSG GERMANY - Riesiges Baugrundstück im Neubaugebiet***	***フロリダ：ドイツのET WSGから直接 - 新築地の広大な土地***	verdaechtig_kurz_oder_falsch
11827	ja	 Cadillac Deville Coupé in Ausnahmezustand, wenig Meilen! 	状態の良いキャデラック・デビルクーペ、走行距離少なめ！	verdaechtig_kurz_oder_falsch
11828	ja	 Lincoln Mark IV im Bestzustand, unrestauriert, wenig Mls. 	リンカーン・マークIV、最良の状態、未修復、走行距離少なめ。	verdaechtig_kurz_oder_falsch
12602	ja	Attraktives Wohnhaus mit Einliegerwohnung. Viele Möglichkeiten in ruhiger Lage, im Ebsdorfergrund	静かな場所にある魅力的な住宅とゲストルーム。Ebsdorfergrundで多くの可能性があります。	verdaechtig_kurz_oder_falsch
13615	ja	! NEU ! EXCLUSIVE  -  Eigentumswohnungen für Kapitalanleger oder Eigenbedarf  in Frankfurt und Umgebung 	! 新着 ! 独占 - フランクフルトおよび周辺の投資家または自己使用向けの所有権付き住宅	verdaechtig_kurz_oder_falsch
14023	ja	BMW M6 aus Kalifornien nur für kurze Zeit	カリフォルニアからのBMW M6 期間限定	verdaechtig_kurz_oder_falsch
14977	ja	Grundstücke direkt am Meer. Ferien-Bungalows. Steinhaus-Villen. Boutique-Hotels.	海辺の土地。バケーションバンガロー。石造りの家とヴィラ。ブティックホテル。	verdaechtig_kurz_oder_falsch
15004	ja	Maybach 57 Wertanlage  - zweifarbig in perfektem Zustand	マイバッハ 57 投資用 - 完璧な状態のツートンカラー	verdaechtig_kurz_oder_falsch
15178	ja	Wunderschönes Hotel	美しいホテル	verdaechtig_kurz_oder_falsch
15223	ja	Besondere Gelegenheit!   Austin Healey Cabrio H-Zulassung	特別な機会！オースティン・ヒーリー・カブリオ H登録	verdaechtig_kurz_oder_falsch
18989	en	Neel 43	Neel 43	uebernommen_identisch
18989	fr	Neel 43	Neel 43	uebernommen_identisch
18989	it	Neel 43	Neel 43	uebernommen_identisch
18989	tr	Neel 43	Neel 43	uebernommen_identisch
18989	ja	Neel 43	Neel 43	uebernommen_identisch
18989	cs	Neel 43	Neel 43	uebernommen_identisch
18989	ru	Neel 43	Neel 43	uebernommen_identisch
18989	es	Neel 43	Neel 43	uebernommen_identisch
18989	nl	Neel 43	Neel 43	uebernommen_identisch
18989	pl	Neel 43	Neel 43	uebernommen_identisch
19425	ja	Fisker Karma Ecosport  in Neuwagen Zustand &quot;der Hammer&quot;	Fisker Karma Ecosport 新車状態 "すごい"	verdaechtig_kurz_oder_falsch
19671	en	Neel 52	Neel 52	uebernommen_identisch
19671	fr	Neel 52	Neel 52	uebernommen_identisch
19671	it	Neel 52	Neel 52	uebernommen_identisch
19671	tr	Neel 52	Neel 52	uebernommen_identisch
19671	ja	Neel 52	Neel 52	uebernommen_identisch
19671	cs	Neel 52	Neel 52	uebernommen_identisch
19671	ru	Neel 52	Neel 52	uebernommen_identisch
19671	es	Neel 52	Neel 52	uebernommen_identisch
19671	nl	Neel 52	Neel 52	uebernommen_identisch
19671	pl	Neel 52	Neel 52	uebernommen_identisch
20003	ja	Hochrentable Kapitalage  Anwesen mit 20 Einheiten	高収益資本資産 20ユニットの物件	verdaechtig_kurz_oder_falsch
20005	ja	Hochrentables Kapitalanwesen mit 20 Einheiten	高収益の資本資産、20ユニット	verdaechtig_kurz_oder_falsch
20170	ja	Renditeobjekt Büro- und Hotel-Entwicklung bei Frankfurt	フランクフルト近郊のオフィスおよびホテル開発の投資物件	verdaechtig_kurz_oder_falsch
20204	ja	Sparen Sie wertvolle Zeit und profitieren Sie von den Finanzierungsexperten!	貴重な時間を節約し、ファイナンスの専門家から利益を得ましょう！	verdaechtig_kurz_oder_falsch
20218	ja	Kapitalanlage  -  Golfclub in Hessen zu verkaufen	投資 - ヘッセンのゴルフクラブを販売	verdaechtig_kurz_oder_falsch
20226	ja	Kapitalanlage Bürogebäude in Augsburg	アウクスブルクのオフィスビルへの投資	verdaechtig_kurz_oder_falsch
20237	ja	Wohn- und Geschäftshaus im Herzen von Stuttgart-Mitte	シュトゥットガルト中心部の住宅兼商業ビル	verdaechtig_kurz_oder_falsch
20350	ja	Urbaner Luxus von zeitgenössischer Finesse	現代的な洗練された都市の贅沢	verdaechtig_kurz_oder_falsch
20351	ja	Exklusive Villenarchitektur im Westend	ウェストエンドの高級ヴィラ建築	verdaechtig_kurz_oder_falsch
20352	ja	Gründerzeit in modernem Glanz	現代の輝きに包まれた創業時代	verdaechtig_kurz_oder_falsch
20353	ja	Die Häuser von Nienstedten	ニエンステッテンの家々	verdaechtig_kurz_oder_falsch
20355	tr	Mit dem Denkmal Tür an Tür	Komşu Anıt	verdaechtig_kurz_oder_falsch
20355	ja	Mit dem Denkmal Tür an Tür	隣接する記念碑とともに	verdaechtig_kurz_oder_falsch
20356	ja	4 Wohnungen in Stadtvilla im Landhausstil	田園風の都市邸宅にある4つのアパートメント	verdaechtig_kurz_oder_falsch
20360	ja	Hohe Rendite für Darlehen. Grundbuchabsicherung.	高い利回りの融資。登記簿による担保。	verdaechtig_kurz_oder_falsch
20361	ja	Hohe Beteiligungserträge für Investoren/Kapitalgeber für Zwischenfinanzierung von Neubauprojekten in München und Umgebung geboten.	ミュンヘンおよびその周辺の新築プロジェクトの中間資金調達のために、投資家や資本提供者に高い利益を提供します。	verdaechtig_kurz_oder_falsch
20362	ja	Beteiligung an Neubauprojekten in München und Umgebung geboten.	ミュンヘンおよびその周辺の新築プロジェクトへの参加を提供します。	verdaechtig_kurz_oder_falsch
20363	ja	Kapitalanlage / Rendite Neubauprojekt in München 	資本投資 / 利回り ミュンヘンの新築プロジェクト	verdaechtig_kurz_oder_falsch
20388	ja	Kapitalanlage Immobilienbeteiligungen mit Top-Rendite	資本投資 不動産投資への参加 高いリターン	verdaechtig_kurz_oder_falsch
20411	ja	Rendite PLUS Absicherung durch Immobilien	不動産によるリターンプラスの保証	verdaechtig_kurz_oder_falsch
20496	ja	Garagenstellplätze in bester Lage des 3. Wiener Bezirks	ウィーン第3区の最高の場所にあるガレージ駐車場	verdaechtig_kurz_oder_falsch
20571	ja	Wunderschönes Hotel	美しいホテル	verdaechtig_kurz_oder_falsch
22012	ja	GRUNDSTÜCK IN DORFLAGE	村の場所にある土地	verdaechtig_kurz_oder_falsch
22013	ja	SEHR SCHÖNES GRUNDSTÜCK MIT WEITBLICK	非常に美しい土地、遠景付き	verdaechtig_kurz_oder_falsch
22014	ja	GRUNDSTÜCK IN HÜGELLAGE MIT MEERBLICK	海の景色が見える丘陵地の土地	verdaechtig_kurz_oder_falsch
22106	ja	Uriges Gasthaus in schöner Naturlage mit Gästezimmern	美しい自然の中にある古風なゲストハウスと客室	verdaechtig_kurz_oder_falsch
23154	ja	Kapitalanlage Bürogebäude in Augsburg	アウクスブルクのオフィスビルへの投資	verdaechtig_kurz_oder_falsch
23158	ja	Kapitalanlage Grundstück in Berlin-Pankow	ベルリン・パンコウの不動産投資	verdaechtig_kurz_oder_falsch
23159	ja	Kapitalanlage  - Chalet-Resort 	投資 - シャレーリゾート	verdaechtig_kurz_oder_falsch
23160	ja	Kapitalanlage Grundstück Raum Potsdam	資本投資 土地 空間 ポツダム	verdaechtig_kurz_oder_falsch
23164	ja	Investment- Projekt zum Verkauf Grundstück am Chiemsee	チームジー湖の土地の投資プロジェクト販売	verdaechtig_kurz_oder_falsch
23167	ja	Renditeobjekt Wohnanlage in Berlin-Mitte 	ベルリン・ミッテの収益物件住宅施設	verdaechtig_kurz_oder_falsch
23170	ja	Renditeobjekt Hochhaus in Berlin	ベルリンの高層ビルの投資物件	verdaechtig_kurz_oder_falsch
23171	ja	Kapitalanlage Wohn-Tower in Berlin	ベルリンの住宅タワーへの投資	verdaechtig_kurz_oder_falsch
23235	ja	PI BAU baut für Sie einen Stilvollen massiven Bungalow in kurzer Bauzeit !	PI BAUは、短期間でスタイリッシュな堅牢なバンガローを建設します！	verdaechtig_kurz_oder_falsch
23845	ja	Rolls Royce 20 HP - Hooper Landaulette	マルベラヴィラ ES130423	verdaechtig_kurz_oder_falsch
25465	en	BMW M1 	BMW M1 	uebernommen_identisch
25465	fr	BMW M1 	BMW M1 	uebernommen_identisch
25465	it	BMW M1 	BMW M1 	uebernommen_identisch
25465	tr	BMW M1 	BMW M1 	uebernommen_identisch
25465	ja	BMW M1 	BMW M1 	uebernommen_identisch
25465	cs	BMW M1 	BMW M1 	uebernommen_identisch
25465	ru	BMW M1 	BMW M1 	uebernommen_identisch
25465	es	BMW M1 	BMW M1 	uebernommen_identisch
25465	nl	BMW M1 	BMW M1 	uebernommen_identisch
25465	pl	BMW M1 	BMW M1 	uebernommen_identisch
26074	ja	Neubau-Gartenmaisonette in ruhiger Lage	静かな場所にある新築のガーデンメゾネット	verdaechtig_kurz_oder_falsch
27331	ja	Außergewöhnliche Luxusvilla in der ersten Reihe zum Meer	海に面した一等地の豪華なヴィラ	verdaechtig_kurz_oder_falsch
27619	ja	Moderne Villa mit Swimmingpool mit wunderschönem Meerblick	美しい海の景色を望むモダンなプール付きヴィラ	verdaechtig_kurz_oder_falsch
27695	ja	Hamburg Neubauprojekte in den begehrtesten Wohnlagen	ハンブルクの最も人気のある住宅地での新築プロジェクト	verdaechtig_kurz_oder_falsch
27820	ja	Neue Villa mit mediterranen Elementen und Swimmingpool in Panorama-Lage mit Meerblick	地中海の要素とプールを備えた新しいヴィラ、パノラマビューと海の眺め	verdaechtig_kurz_oder_falsch
27906	ja	Mediterrane Villa mit Swimmingpool nahe dem Meer, Insel Ugljan	海の近くのウグリアン島にあるプール付きの地中海風ヴィラ	verdaechtig_kurz_oder_falsch
28019	ja	Gewerbegrundstück mit Baurecht in Asten neben Billa	アステンのビラの隣にある建築権付きの商業用地	verdaechtig_kurz_oder_falsch
28074	ja	Traumhafte Luxusvilla mit Infinity-Pool und Meerblick	夢のような豪華なヴィラ、インフィニティプールと海の眺め	verdaechtig_kurz_oder_falsch
28119	ja	Hochwertige Doppelhaushälfte	高品質な二世帯住宅	verdaechtig_kurz_oder_falsch
28187	ja	Charmantes Natursteinanwesen mit Pool in Panoramalage	パノラマビューの魅力的な天然石の邸宅とプール	verdaechtig_kurz_oder_falsch
28261	ja	Außergewöhnliches 2-Zimmer Büro/Praxis, Nähe Landstraße	異例の2部屋のオフィス/クリニック、ランドシュトラーセ近く	verdaechtig_kurz_oder_falsch
28266	ja	Mediterranes Anwesen mit Swimmingpool und Meerblick, Region Crikvenica	クリクヴェニツァ地域の地中海風の邸宅、プールと海の眺め付き	verdaechtig_kurz_oder_falsch
28347	ja	Sie haben das Grundstück, wir bauen Ihnen den leistbaren Massivbungalow in kurzer Bauzeit !	あなたは土地を持っています、私たちは短期間で手頃な価格のコンクリートバンガローを建てます！	verdaechtig_kurz_oder_falsch
28366	ja	Mehrfamilienhaus mit Pool in der 1. Reihe zum Meer, Insel Ciovo	海に面した1列目のプール付きの多世帯住宅、チオヴ島	verdaechtig_kurz_oder_falsch
28536	ja	Herrschaftliche Villa auf parkähnlichem Grundstück - Neu-Isenburg/Gravenbruch	公園のような敷地に建つ壮大なヴィラ - ノイ＝イスンブルク／グラーベンブルク	verdaechtig_kurz_oder_falsch
28684	ja	Luxuriöse Kapitalanlage zwischen Müritz und Feisnecksee!	ミュリッツとファイゼン湖の間の豪華な資本投資！	verdaechtig_kurz_oder_falsch
28841	ja	Einfamilienhaus mit Potenzial	可能性のある一戸建て住宅	verdaechtig_kurz_oder_falsch
28867	ja	Villa mit Charme	魅力的なヴィラ	verdaechtig_kurz_oder_falsch
28869	ja	3 vermietete Gewerbeeinheiten / Büros	3つの賃貸中の商業ユニット／オフィス	verdaechtig_kurz_oder_falsch
28942	ja	Romantisches Hotel in den Bergen mit Erweiterung und Entwicklung Möglichkeit	拡張と発展の可能性を備えた山のロマンチックなホテル	verdaechtig_kurz_oder_falsch
28943	ja	Eindrucksvolles 6- Zimmer Büro im Dachgeschoss in bester Lage, Nähe Börse	最高のロケーションにある屋根裏の印象的な6部屋のオフィス、証券取引所の近く	verdaechtig_kurz_oder_falsch
28958	ja	SICHERE INVESTITION. SCHOTTER GRUNDSTÜCK	安全な投資。シュッター土地	verdaechtig_kurz_oder_falsch
28961	ja	SEHR GEMÜTLICHE UND SCHÖNE VILLA MIT FANTASTISCHEM GARTEN	非常に居心地の良い美しいヴィラと素晴らしい庭園	verdaechtig_kurz_oder_falsch
29294	ja	Neubau-Appartements direkt am Meer - mit Dachterrasse	海辺の新築アパートメント - 屋上テラス付き	verdaechtig_kurz_oder_falsch
29307	ja	Moderne Luxusvilla mit Pool nahe dem Meeresufer	海辺近くのモダンな高級ヴィラとプール	verdaechtig_kurz_oder_falsch
29318	ja	Atemberaubendes Anwesen nur wenig Kilometer von Siena entfernt	シエナからわずか数キロの場所にある息を呑むような邸宅	verdaechtig_kurz_oder_falsch
29578	ja	Baugrundstück direkt am Meer	海のすぐそばの土地	verdaechtig_kurz_oder_falsch
29658	ja	Haus in der ersten Reihe zum Meer	海に面した一列目の家	verdaechtig_kurz_oder_falsch
29700	ja	Baugrundstück in exklusiver Lage am Meer bei Omis	オミス近くの海辺の高級な場所にある建築用地	verdaechtig_kurz_oder_falsch
30773	ja	Moderne Villa mit Swimmingpool nahe dem Meer	海の近くのモダンなヴィラとプール	verdaechtig_kurz_oder_falsch
30898	ja	Moderne Luxusvilla direkt am Meer	海辺に直接面したモダンな高級ヴィラ	verdaechtig_kurz_oder_falsch
31036	ja	Villa mit Pool in außergewöhnlicher Lage direkt am Meer, Region Karlobag	カールオバグ地域の海辺に位置する、特別な場所にあるプール付きのヴィラ	verdaechtig_kurz_oder_falsch
31307	ja	Modernes Appartement im 1. Obergeschoss mit Panorama-Meerblick	パノラマの海の景色が望める1階のモダンなアパートメント	verdaechtig_kurz_oder_falsch
31326	ja	Wunderschönes Baugrundstück für  Gewerbe in Kirchhain	キルヒハインの商業用の美しい土地	verdaechtig_kurz_oder_falsch
31557	ja	Exklusives Apartment mit touristischer Nutzung	独占的な観光利用可能なアパートメント	verdaechtig_kurz_oder_falsch
31616	ja	3 Moderne Villen mit Panorama-Meerblick	3つのモダンなヴィラとパノラマの海の景色	verdaechtig_kurz_oder_falsch
33034	ja	Modernes Penthouse mit Dachterrasse und Panoramablick auf die Stadt und das Meer	モダンなペントハウス、屋上テラス、街と海のパノラマビュー	verdaechtig_kurz_oder_falsch
33083	ja	Moderne Luxusvilla mit Swimmingpool und Meerblick	モダンな高級ヴィラ、プール、海の眺め	verdaechtig_kurz_oder_falsch
33127	ja	Luxuriöses Appartement mit Meerblick in Kostrena	コストレナの海の景色が見える豪華なアパートメント	verdaechtig_kurz_oder_falsch
33182	ja	HOHENEMS Barrierefreies Wohnen für Ihre Familie oder als Paar im komfortablen Bungalow -  ein weiterer absoluter Mehrwert ist das großzügig geschnittene Grundstück.	HOHENEMS ご家族やカップルのためのバリアフリーの快適なバンガローでの生活 - もう一つの絶対的な付加価値は、広々とした土地です。	verdaechtig_kurz_oder_falsch
33261	ja	Moderne Villa mit Pool in der 1. Reihe zum Meer	海に面した第一列のモダンなヴィラとプール	verdaechtig_kurz_oder_falsch
33331	ja	Außergewöhnliche Villa mit Pool in großartiger Lage	素晴らしいロケーションにあるプール付きの豪華なヴィラ	verdaechtig_kurz_oder_falsch
33358	ja	Geschichtsträchtiges Haus mit Potential und Bauerwartungsland (Bieterverfahren)	歴史的な家で、潜在能力と農地期待地（入札方式）	verdaechtig_kurz_oder_falsch
33860	ja	Hochwertige Designer Villa mit Panorama Meerblick, Region Hreljin	高品質なデザイナーヴィラ、パノラマの海の景色、Hreljin地域	verdaechtig_kurz_oder_falsch
33877	ja	Unbebautes Grundstück in sonniger Ruhelage	日当たりの良い静かな場所にある未開発の土地	verdaechtig_kurz_oder_falsch
33895	ja	Appartement mit Panorama Meerblick in Krk, Insel Krk	クルク島のクルクにあるパノラマ海景のアパートメント	verdaechtig_kurz_oder_falsch
34311	ja	Geschäftslokal mit Loftcharakter in der Leopoldstadt, Nähe Donauinsel	ドナウ島の近く、レオポルドシュタットにあるロフト風のビジネスローカル	verdaechtig_kurz_oder_falsch
34323	ja	Historisches Anwesen in neuem Glanz in einmaliger Toplage	唯一のロケーションにある新しい輝きの歴史的な邸宅	verdaechtig_kurz_oder_falsch
34449	ja	Exklusive Villa in mediterranem Stil, Region Motovun, Istrien	モトヴン地域、イストリアの地中海スタイルの高級ヴィラ	verdaechtig_kurz_oder_falsch
34654	ja	Mediterrane Villa mit Swimmingpool in ruhiger Lage, Region Krk	静かな場所にあるクリク地域の地中海風ヴィラとプール	verdaechtig_kurz_oder_falsch
34683	ja	Moderne Villa mit Swimmingpool und Meerblick	モダンなヴィラ、プール、海の眺め	verdaechtig_kurz_oder_falsch
34698	ja	Luxuriöses Appartement mit Pool auf der Terrasse - nahe dem Meer	テラスにプールのある豪華なアパートメント - 海の近く	verdaechtig_kurz_oder_falsch
34699	ja	Luxuriöses Penthouse mit Pool auf der Dachterrasse nahe dem Meer	海の近くの屋上プール付きの豪華なペントハウス	verdaechtig_kurz_oder_falsch
34717	ja	Moderne Luxusvilla mit Pool und Meerblick	モダンな高級ヴィラ プールと海の眺め	verdaechtig_kurz_oder_falsch
34778	en	BMW 319	BMW 319	uebernommen_identisch
34778	fr	BMW 319	BMW 319	uebernommen_identisch
34778	it	BMW 319	BMW 319	uebernommen_identisch
34778	tr	BMW 319	BMW 319	uebernommen_identisch
34778	ja	BMW 319	BMW 319	uebernommen_identisch
34778	cs	BMW 319	BMW 319	uebernommen_identisch
34778	ru	BMW 319	BMW 319	uebernommen_identisch
34778	es	BMW 319	BMW 319	uebernommen_identisch
34778	nl	BMW 319	BMW 319	uebernommen_identisch
34778	pl	BMW 319	BMW 319	uebernommen_identisch
34825	ja	Moderne Villa mit Pool und Meerblick, Region Rogoznica	ロゴズニツァ地域のプールと海の眺めがあるモダンなヴィラ	verdaechtig_kurz_oder_falsch
34855	ja	Moderne Villa mit Swimmingpool und schönem Meerblick	モダンなヴィラとプール、美しい海の眺め	verdaechtig_kurz_oder_falsch
34861	ja	Moderne Villa mit Swimmingpool und schönem Meerblick	モダンなヴィラとプール、美しい海の眺め	verdaechtig_kurz_oder_falsch
34950	ja	Einzigartiges Landhaus auf eigenem Hügel mit Panoramablick	パノラマビュー付きの独自の丘にあるユニークなカントリーハウス	verdaechtig_kurz_oder_falsch
35097	ja	Moderne Villa mit Swimmingpool und wunderschönem Meerblick	モダンなヴィラとプール、そして美しい海の眺め	verdaechtig_kurz_oder_falsch
35356	ja	Ford Thunderbird Convertible Third Generation '62	モダンな新築アパートメントと屋上テラス	verdaechtig_kurz_oder_falsch
35356	ja	Moderne Neubau-Appartements mit Dachterrasse	モダンな新築アパートメントと屋上テラス	verdaechtig_kurz_oder_falsch
35526	ja	Neubauchalet in prominenter Toplage	著名な一等地に新築アパートメント	verdaechtig_kurz_oder_falsch
35686	ja	Traumhaftes Einfamilienhaus in Göfis mit Blick in die Berge - Perfekt für Familien	ゴーフィスにある夢の一戸建て住宅、山々の景色付き - ファミリーに最適	verdaechtig_kurz_oder_falsch
35711	ja	Ferrari 512 M &quot;Modificata&quot;,vorbildliche Historie!	フェラーリ 512 M "Modificata"、優れた歴史！	verdaechtig_kurz_oder_falsch
35958	ja	Mediterrane Luxusvilla mit Panorama-Meerblick und Infinity-Swimmingpool	地中海の豪華なヴィラ、パノラマの海の景色とインフィニティプール付き	verdaechtig_kurz_oder_falsch
35960	ja	Moderne Luxusvilla mit Swimmingpool	モダンな高級ヴィラとプール	verdaechtig_kurz_oder_falsch
35983	ja	Haus in der 1. Reihe zum Meer	海に面した1列目の家	verdaechtig_kurz_oder_falsch
35985	ja	Gastronomie direkt neben der Ski-Piste- GELEGENHEIT IN HINTERSTODER	スキーコースのすぐそばの飲食店 - ヒンターシュトーダーのチャンス	verdaechtig_kurz_oder_falsch
35987	en	Villa in traumhafter Lage direkt am Meer	MG B '64	verdaechtig_kurz_oder_falsch
35987	fr	Villa in traumhafter Lage direkt am Meer	MG B '64	verdaechtig_kurz_oder_falsch
35987	it	Villa in traumhafter Lage direkt am Meer	MG B '64	verdaechtig_kurz_oder_falsch
35987	tr	Villa in traumhafter Lage direkt am Meer	MG B '64	verdaechtig_kurz_oder_falsch
35987	ja	Villa in traumhafter Lage direkt am Meer	海のすぐそばの夢のような場所にあるヴィラ	verdaechtig_kurz_oder_falsch
35987	ja	Villa in traumhafter Lage direkt am Meer	MG B '64	verdaechtig_kurz_oder_falsch
35987	cs	Villa in traumhafter Lage direkt am Meer	MG B '64	verdaechtig_kurz_oder_falsch
35987	ru	Villa in traumhafter Lage direkt am Meer	MG B '64	verdaechtig_kurz_oder_falsch
35987	es	Villa in traumhafter Lage direkt am Meer	MG B '64	verdaechtig_kurz_oder_falsch
35987	nl	Villa in traumhafter Lage direkt am Meer	MG B '64	verdaechtig_kurz_oder_falsch
35987	pl	Villa in traumhafter Lage direkt am Meer	MG B '64	verdaechtig_kurz_oder_falsch
35987	au	Villa in traumhafter Lage direkt am Meer	MG B '64	verdaechtig_kurz_oder_falsch
36073	ja	Audi S3 8v Limousine mit Guter Ausstattung	アウディ S3 8v セダン 充実した装備	verdaechtig_kurz_oder_falsch
36125	en	Großes Mehrfamilienhaus mit Nebengebäuden steht zum Verkauf	Jaguar XJS TWR '85	verdaechtig_kurz_oder_falsch
36125	fr	Großes Mehrfamilienhaus mit Nebengebäuden steht zum Verkauf	Jaguar XJS TWR '85	verdaechtig_kurz_oder_falsch
36125	it	Großes Mehrfamilienhaus mit Nebengebäuden steht zum Verkauf	Jaguar XJS TWR '85	verdaechtig_kurz_oder_falsch
36125	tr	Großes Mehrfamilienhaus mit Nebengebäuden steht zum Verkauf	Jaguar XJS TWR '85	verdaechtig_kurz_oder_falsch
36125	ja	Großes Mehrfamilienhaus mit Nebengebäuden steht zum Verkauf	付属建物のある大きな多世帯住宅が販売中です	verdaechtig_kurz_oder_falsch
36125	ja	Großes Mehrfamilienhaus mit Nebengebäuden steht zum Verkauf	Jaguar XJS TWR '85	verdaechtig_kurz_oder_falsch
36125	cs	Großes Mehrfamilienhaus mit Nebengebäuden steht zum Verkauf	Jaguar XJS TWR '85	verdaechtig_kurz_oder_falsch
36125	ru	Großes Mehrfamilienhaus mit Nebengebäuden steht zum Verkauf	Jaguar XJS TWR '85	verdaechtig_kurz_oder_falsch
36125	es	Großes Mehrfamilienhaus mit Nebengebäuden steht zum Verkauf	Jaguar XJS TWR '85	verdaechtig_kurz_oder_falsch
36125	nl	Großes Mehrfamilienhaus mit Nebengebäuden steht zum Verkauf	Jaguar XJS TWR '85	verdaechtig_kurz_oder_falsch
36125	pl	Großes Mehrfamilienhaus mit Nebengebäuden steht zum Verkauf	Jaguar XJS TWR '85	verdaechtig_kurz_oder_falsch
36125	au	Großes Mehrfamilienhaus mit Nebengebäuden steht zum Verkauf	Jaguar XJS TWR '85	verdaechtig_kurz_oder_falsch
36156	ja	Repräsentative Luxusvilla direkt am Meer, Region Korcula	コルチュラ地域の海辺に直接面した代表的な高級ヴィラ	verdaechtig_kurz_oder_falsch
36156	ja	Land Rover Range Rover Velar P250 R-Dynamic HSE DAB KEYLESS	コルチュラ地域の海辺に直接面した代表的な高級ヴィラ	verdaechtig_kurz_oder_falsch
36170	ja	Villa mit Pool, Dachterrasse und Meerblick	プール、屋上テラス、海の眺めのあるヴィラ	verdaechtig_kurz_oder_falsch
36185	ja	Porsche Cayenne E-Hybrid SB SH MATRIX HAL PANO LUFT TOP	素晴らしい海の景色を望む豪華なヴィラ	verdaechtig_kurz_oder_falsch
36185	ja	Luxusvilla mit wunderschönem Meerblick	素晴らしい海の景色を望む豪華なヴィラ	verdaechtig_kurz_oder_falsch
36250	ja	Ackerland in Wiesmath	ヴィースマスの耕地	verdaechtig_kurz_oder_falsch
36340	ja	Moderne Neubau-Appartements mit Meerblick	海の景色が望めるモダンな新築アパートメント	verdaechtig_kurz_oder_falsch
36417	ja	Exklusives Anwesen in traumhafter Ruhelage mit Panoramablick	絶景のパノラマビューを望む静かな場所にある豪華な邸宅	verdaechtig_kurz_oder_falsch
36507	ja	Moderne Neubauwohnungen mit schönem Meerblick	美しい海の眺めを望む現代的な新築アパートメント	verdaechtig_kurz_oder_falsch
36510	en	Traumhafter Blick über Wien! Garconniere mit Terrasse am Kahlenberg	MG B '74	verdaechtig_kurz_oder_falsch
36510	fr	Traumhafter Blick über Wien! Garconniere mit Terrasse am Kahlenberg	MG B '74	verdaechtig_kurz_oder_falsch
36510	it	Traumhafter Blick über Wien! Garconniere mit Terrasse am Kahlenberg	MG B '74	verdaechtig_kurz_oder_falsch
36510	tr	Traumhafter Blick über Wien! Garconniere mit Terrasse am Kahlenberg	MG B '74	verdaechtig_kurz_oder_falsch
36510	ja	Traumhafter Blick über Wien! Garconniere mit Terrasse am Kahlenberg	MG B '74	verdaechtig_kurz_oder_falsch
36510	cs	Traumhafter Blick über Wien! Garconniere mit Terrasse am Kahlenberg	MG B '74	verdaechtig_kurz_oder_falsch
36510	ru	Traumhafter Blick über Wien! Garconniere mit Terrasse am Kahlenberg	MG B '74	verdaechtig_kurz_oder_falsch
36510	es	Traumhafter Blick über Wien! Garconniere mit Terrasse am Kahlenberg	MG B '74	verdaechtig_kurz_oder_falsch
36510	nl	Traumhafter Blick über Wien! Garconniere mit Terrasse am Kahlenberg	MG B '74	verdaechtig_kurz_oder_falsch
36510	pl	Traumhafter Blick über Wien! Garconniere mit Terrasse am Kahlenberg	MG B '74	verdaechtig_kurz_oder_falsch
36510	au	Traumhafter Blick über Wien! Garconniere mit Terrasse am Kahlenberg	MG B '74	verdaechtig_kurz_oder_falsch
36511	ja	Über den Dächern Wiens! Traumhafte Garconniere mit Terrasse	ウィーンの屋根の上！夢のようなガルソニエールとテラス	verdaechtig_kurz_oder_falsch
36556	ja	Moderne Villa mit Dachterrasse nahe dem Meeresufer, Region Crikvenica	海辺近くのクリクヴェニツァ地域にある屋上テラス付きのモダンなヴィラ	verdaechtig_kurz_oder_falsch
36747	ja	WOHNEN AM SEE - Absolute Rarität in unmittelbarer Seenähe mit Bergblick - 5 Zimmer Erdgeschoßwohnung mit großzügigen Räumlichkeiten	湖のそばでの生活 - 湖のすぐ近くで山の景色を望む絶対的な希少物件 - 5部屋の地上階の広々とした住居	verdaechtig_kurz_oder_falsch
36807	ja	Villa vom feinsten	最高級のヴィラ	verdaechtig_kurz_oder_falsch
36824	en	Land Rover Range Rover Velar D300 AWD Dynamic SE	The City's Finest Villa	verdaechtig_kurz_oder_falsch
36824	tr	Land Rover Range Rover Velar D300 AWD Dynamic SE	Şehrin En İyi Villa'sı	verdaechtig_kurz_oder_falsch
36824	ja	Die beste Villa der Stadt	街で最高のヴィラ	verdaechtig_kurz_oder_falsch
36824	ja	Land Rover Range Rover Velar D300 AWD Dynamic SE	街で最高のヴィラ	verdaechtig_kurz_oder_falsch
36824	cs	Land Rover Range Rover Velar D300 AWD Dynamic SE	Nejlepší vila ve městě	verdaechtig_kurz_oder_falsch
36824	ru	Land Rover Range Rover Velar D300 AWD Dynamic SE	Лучшая вилла в городе	verdaechtig_kurz_oder_falsch
36824	pl	Land Rover Range Rover Velar D300 AWD Dynamic SE	Najlepsza willa w mieście	verdaechtig_kurz_oder_falsch
36883	ja	Mercedes-Benz SL 300, deutsches Fahrzeug, Scheckheftgepflegt	メルセデス・ベンツ SL 300、ドイツ車、定期点検記録簿あり	verdaechtig_kurz_oder_falsch
36942	ja	Einfamilienhaus in Ruhelage Ihr neues Zuhause !	静かな場所にある一戸建て住宅 あなたの新しい家！	verdaechtig_kurz_oder_falsch
36988	en	„ Luxus ist – wenn dieser Ausblick Ihnen gehört“ – Premium Gartenwohnung mit erstklassiger Architektur in bester Stadtlage	Volvo Amazon 122 S '67	verdaechtig_kurz_oder_falsch
36988	fr	„ Luxus ist – wenn dieser Ausblick Ihnen gehört“ – Premium Gartenwohnung mit erstklassiger Architektur in bester Stadtlage	Volvo Amazon 122 S '67	verdaechtig_kurz_oder_falsch
36988	it	„ Luxus ist – wenn dieser Ausblick Ihnen gehört“ – Premium Gartenwohnung mit erstklassiger Architektur in bester Stadtlage	Volvo Amazon 122 S '67	verdaechtig_kurz_oder_falsch
36988	tr	„ Luxus ist – wenn dieser Ausblick Ihnen gehört“ – Premium Gartenwohnung mit erstklassiger Architektur in bester Stadtlage	Volvo Amazon 122 S '67	verdaechtig_kurz_oder_falsch
36988	ja	„ Luxus ist – wenn dieser Ausblick Ihnen gehört“ – Premium Gartenwohnung mit erstklassiger Architektur in bester Stadtlage	「贅沢とは – この眺めがあなたのものになることです」 – 一流の建築と最高の都市の立地を誇るプレミアムガーデンアパートメント	verdaechtig_kurz_oder_falsch
36988	ja	„ Luxus ist – wenn dieser Ausblick Ihnen gehört“ – Premium Gartenwohnung mit erstklassiger Architektur in bester Stadtlage	Volvo Amazon 122 S '67	verdaechtig_kurz_oder_falsch
36988	cs	„ Luxus ist – wenn dieser Ausblick Ihnen gehört“ – Premium Gartenwohnung mit erstklassiger Architektur in bester Stadtlage	Volvo Amazon 122 S '67	verdaechtig_kurz_oder_falsch
36988	ru	„ Luxus ist – wenn dieser Ausblick Ihnen gehört“ – Premium Gartenwohnung mit erstklassiger Architektur in bester Stadtlage	Volvo Amazon 122 S '67	verdaechtig_kurz_oder_falsch
36988	es	„ Luxus ist – wenn dieser Ausblick Ihnen gehört“ – Premium Gartenwohnung mit erstklassiger Architektur in bester Stadtlage	Volvo Amazon 122 S '67	verdaechtig_kurz_oder_falsch
36988	nl	„ Luxus ist – wenn dieser Ausblick Ihnen gehört“ – Premium Gartenwohnung mit erstklassiger Architektur in bester Stadtlage	Volvo Amazon 122 S '67	verdaechtig_kurz_oder_falsch
36988	pl	„ Luxus ist – wenn dieser Ausblick Ihnen gehört“ – Premium Gartenwohnung mit erstklassiger Architektur in bester Stadtlage	Volvo Amazon 122 S '67	verdaechtig_kurz_oder_falsch
36988	au	„ Luxus ist – wenn dieser Ausblick Ihnen gehört“ – Premium Gartenwohnung mit erstklassiger Architektur in bester Stadtlage	Volvo Amazon 122 S '67	verdaechtig_kurz_oder_falsch
37037	ja	Luxuriöse Maisonettewohnung mit wunderschönem Ausblick	美しい眺めの豪華なメゾネットアパートメント	verdaechtig_kurz_oder_falsch
37048	ja	Garagenstellplatz in bester Lage des 7. Wiener Bezirks	ウィーン第7区の最高の場所にあるガレージ駐車場	verdaechtig_kurz_oder_falsch
37222	ja	Stadthaus mit 4 Studios und einer Dachterrasse mit Meerblick	海の景色が見える屋上テラス付きの4つのスタジオとタウンハウス	verdaechtig_kurz_oder_falsch
37293	ja	Modernes Penthouse mit Dachterrasse in der 1. Reihe zum Meer	海に面した1階の屋上テラス付きのモダンなペントハウス	verdaechtig_kurz_oder_falsch
37294	ja	Exklusive Erdgeschosswohnung mit Garten und Pool - 1. Reihe zum Meer	海に面した1列目の庭とプール付きのエクスクルーシブな1階のアパートメント	verdaechtig_kurz_oder_falsch
37297	ja	Modernes Appartement in der 1. Reihe zum Meer	海に面した1階のモダンなアパートメント	verdaechtig_kurz_oder_falsch
37314	ja	Moderne Villa mit Pool und schönem Meerblick	モダンなヴィラとプール、素晴らしい海の眺め	verdaechtig_kurz_oder_falsch
37453	en	Exklusives Chalet am Fuße des Wilden Kaiser	BMW  502 '55	verdaechtig_kurz_oder_falsch
37453	fr	Exklusives Chalet am Fuße des Wilden Kaiser	BMW  502 '55	verdaechtig_kurz_oder_falsch
37453	it	Exklusives Chalet am Fuße des Wilden Kaiser	BMW  502 '55	verdaechtig_kurz_oder_falsch
37453	tr	Exklusives Chalet am Fuße des Wilden Kaiser	BMW  502 '55	verdaechtig_kurz_oder_falsch
37453	ja	Exklusives Chalet am Fuße des Wilden Kaiser	BMW  502 '55	verdaechtig_kurz_oder_falsch
37453	cs	Exklusives Chalet am Fuße des Wilden Kaiser	BMW  502 '55	verdaechtig_kurz_oder_falsch
37453	ru	Exklusives Chalet am Fuße des Wilden Kaiser	BMW  502 '55	verdaechtig_kurz_oder_falsch
37453	es	Exklusives Chalet am Fuße des Wilden Kaiser	BMW  502 '55	verdaechtig_kurz_oder_falsch
37453	nl	Exklusives Chalet am Fuße des Wilden Kaiser	BMW  502 '55	verdaechtig_kurz_oder_falsch
37453	pl	Exklusives Chalet am Fuße des Wilden Kaiser	BMW  502 '55	verdaechtig_kurz_oder_falsch
37453	au	Exklusives Chalet am Fuße des Wilden Kaiser	BMW  502 '55	verdaechtig_kurz_oder_falsch
37454	en	Exklusives Chalet mit Pool unmittelbar am Golfplatz	Porsche 911 964 RS '92	verdaechtig_kurz_oder_falsch
37454	fr	Exklusives Chalet mit Pool unmittelbar am Golfplatz	Porsche 911 964 RS '92	verdaechtig_kurz_oder_falsch
37454	it	Exklusives Chalet mit Pool unmittelbar am Golfplatz	Porsche 911 964 RS '92	verdaechtig_kurz_oder_falsch
37454	tr	Exklusives Chalet mit Pool unmittelbar am Golfplatz	Porsche 911 964 RS '92	verdaechtig_kurz_oder_falsch
37454	ja	Exklusives Chalet mit Pool unmittelbar am Golfplatz	Porsche 911 964 RS '92	verdaechtig_kurz_oder_falsch
37454	cs	Exklusives Chalet mit Pool unmittelbar am Golfplatz	Porsche 911 964 RS '92	verdaechtig_kurz_oder_falsch
37454	ru	Exklusives Chalet mit Pool unmittelbar am Golfplatz	Porsche 911 964 RS '92	verdaechtig_kurz_oder_falsch
37454	es	Exklusives Chalet mit Pool unmittelbar am Golfplatz	Porsche 911 964 RS '92	verdaechtig_kurz_oder_falsch
37454	nl	Exklusives Chalet mit Pool unmittelbar am Golfplatz	Porsche 911 964 RS '92	verdaechtig_kurz_oder_falsch
37454	pl	Exklusives Chalet mit Pool unmittelbar am Golfplatz	Porsche 911 964 RS '92	verdaechtig_kurz_oder_falsch
37454	au	Exklusives Chalet mit Pool unmittelbar am Golfplatz	Porsche 911 964 RS '92	verdaechtig_kurz_oder_falsch
37469	ja	Luxusvilla am Sonnberg mit Blick über Kitzbühel	キッツビューエルを見渡すサンベルクの豪華なヴィラ	verdaechtig_kurz_oder_falsch
37470	ja	Ihr Traumhaus wartet auf Sie: Luxuriöse Eleganz in bester Lage, mit einem Baugrundstück !	あなたの夢の家があなたを待っています：最高の場所にある豪華なエレガンスと建築用地！	verdaechtig_kurz_oder_falsch
37474	ja	Vor den Toren Wiens – Grünland mit Bauerwartungsland-Einstufung	ウィーンの門の前 - 農業用地としての評価がされている緑地	verdaechtig_kurz_oder_falsch
37476	ja	Luxusvilla in außergewöhnlicher Lage mit Blick auf die Altstadt und das Meer	旧市街と海を見渡す、特別な場所にある豪華なヴィラ	verdaechtig_kurz_oder_falsch
37555	en	Mediterrane Villa nahe dem Meeresufer	BMW  325iX '87	verdaechtig_kurz_oder_falsch
37555	fr	Mediterrane Villa nahe dem Meeresufer	BMW  325iX '87	verdaechtig_kurz_oder_falsch
37555	it	Mediterrane Villa nahe dem Meeresufer	BMW  325iX '87	verdaechtig_kurz_oder_falsch
37555	tr	Mediterrane Villa nahe dem Meeresufer	BMW  325iX '87	verdaechtig_kurz_oder_falsch
37555	ja	Mediterrane Villa nahe dem Meeresufer	海辺近くの地中海風のヴィラ	verdaechtig_kurz_oder_falsch
37555	ja	Mediterrane Villa nahe dem Meeresufer	BMW  325iX '87	verdaechtig_kurz_oder_falsch
37555	cs	Mediterrane Villa nahe dem Meeresufer	BMW  325iX '87	verdaechtig_kurz_oder_falsch
37555	ru	Mediterrane Villa nahe dem Meeresufer	BMW  325iX '87	verdaechtig_kurz_oder_falsch
37555	es	Mediterrane Villa nahe dem Meeresufer	BMW  325iX '87	verdaechtig_kurz_oder_falsch
37555	nl	Mediterrane Villa nahe dem Meeresufer	BMW  325iX '87	verdaechtig_kurz_oder_falsch
37555	pl	Mediterrane Villa nahe dem Meeresufer	BMW  325iX '87	verdaechtig_kurz_oder_falsch
37555	au	Mediterrane Villa nahe dem Meeresufer	BMW  325iX '87	verdaechtig_kurz_oder_falsch
37610	ja	Moderne Luxusvilla nahe dem Meeresufer, Region Rogoznica	ロゴズニツァ地域の海辺近くのモダンな高級ヴィラ	verdaechtig_kurz_oder_falsch
37625	ja	Renoviertes Steinhaus mit Pool und Meerblick, Region Orebic	オレブリック地域のプールと海の眺めのある改装済みの石造りの家	verdaechtig_kurz_oder_falsch
37762	ja	Moderne Villa direkt am Meeresufer auf der Insel Kolocep bei Dubrovnik	ドゥブロヴニクのコロチェップ島の海辺にある現代的なヴィラ	verdaechtig_kurz_oder_falsch
37799	ja	Porsche 944, matching,dokumentiert	ポルシェ944、一致、記録済み	verdaechtig_kurz_oder_falsch
37825	ja	10 LUXUS-Apartments in SCHLADMING - Jeden Tag ein Naturschauspiel	シュラドミングの10の高級アパートメント - 毎日自然のショー	verdaechtig_kurz_oder_falsch
37891	ja	Einzigartige Landschaftsperle auf 1010m Seehöhe mit traumhaftem Berg- und Fernblick I 12ha I Salzburg Süd	ユニークな景観の宝石、標高1010mの場所に位置し、素晴らしい山と遠景の眺め I 12ha I ザルツブルク南部	verdaechtig_kurz_oder_falsch
37962	ja	Luxuriöse Stadtvilla im Herzen von Kitzbühel	キッツビュールの中心にある豪華なシティヴィラ	verdaechtig_kurz_oder_falsch
38059	ja	Zum Verkauf stehen 2 Industrieareals in Top Lage - voll vermietet mit excellenten Mieteinnahmen	最高の場所にある2つの工業用地が販売中 - 完全に賃貸されており、優れた賃料収入があります	verdaechtig_kurz_oder_falsch
38118	en	Blick auf dem Marktplatz, Objekt 4065	Porsche 356 A '58	verdaechtig_kurz_oder_falsch
38118	fr	Blick auf dem Marktplatz, Objekt 4065	Porsche 356 A '58	verdaechtig_kurz_oder_falsch
38118	it	Blick auf dem Marktplatz, Objekt 4065	Porsche 356 A '58	verdaechtig_kurz_oder_falsch
38118	tr	Blick auf dem Marktplatz, Objekt 4065	Porsche 356 A '58	verdaechtig_kurz_oder_falsch
38118	ja	Blick auf dem Marktplatz, Objekt 4065	市場広場の眺め、物件4065	verdaechtig_kurz_oder_falsch
38118	ja	Blick auf dem Marktplatz, Objekt 4065	Porsche 356 A '58	verdaechtig_kurz_oder_falsch
38118	cs	Blick auf dem Marktplatz, Objekt 4065	Porsche 356 A '58	verdaechtig_kurz_oder_falsch
38118	ru	Blick auf dem Marktplatz, Objekt 4065	Porsche 356 A '58	verdaechtig_kurz_oder_falsch
38118	es	Blick auf dem Marktplatz, Objekt 4065	Porsche 356 A '58	verdaechtig_kurz_oder_falsch
38118	nl	Blick auf dem Marktplatz, Objekt 4065	Porsche 356 A '58	verdaechtig_kurz_oder_falsch
38118	pl	Blick auf dem Marktplatz, Objekt 4065	Porsche 356 A '58	verdaechtig_kurz_oder_falsch
38118	au	Blick auf dem Marktplatz, Objekt 4065	Porsche 356 A '58	verdaechtig_kurz_oder_falsch
38166	ja	Porsche 991 Carrera S Cabriolet*Sportabgas.-BOSE-Chrono*	日当たりの良い孤立した場所にある皇帝の眺めを望む豪華な別荘	verdaechtig_kurz_oder_falsch
38194	ja	Mercedes-Benz SL 63 AMG SoftClose Designo Massage DriversPack.	豪華な庭付きのアパートメントと専用のウェルネスエリア	verdaechtig_kurz_oder_falsch
38194	ja	Luxuriöse Gartenwohnung mit eigenem Wellnessbereich	豪華な庭付きのアパートメントと専用のウェルネスエリア	verdaechtig_kurz_oder_falsch
38207	ja	BMW M440 4 GRAN COUPE i xDRIVE*SSD*VOLL*HARM. KARDON	最高のロケーションにある豪華な屋内プール付きの邸宅	verdaechtig_kurz_oder_falsch
38232	ja	Moderne Luxusvilla direkt am Meer	海辺に直接面したモダンな高級ヴィラ	verdaechtig_kurz_oder_falsch
38288	ja	Voll ausgestattetes Café-Konditorei-Lokal – französischer Charme & betriebsbereit in lebendiger Lage	完全装備されたカフェ・パティスリー店舗 - フランスの魅力と活気ある場所で営業中	verdaechtig_kurz_oder_falsch
38310	ja	Land Rover Range Rover Sport D300 HSE Dynamic Stealth	ホレルスバッハ レジデンス - トップ12	verdaechtig_kurz_oder_falsch
38331	ja	Moderne Neubau-Appartements mit Meerblick	海の景色が望めるモダンな新築アパートメント	verdaechtig_kurz_oder_falsch
38354	ja	Grundstück zum Wohlfühlen in idyllischer Grünruhelage!	理想的な緑豊かな静かな場所にある居心地の良い土地！	verdaechtig_kurz_oder_falsch
38361	ja	Mediterranes Steinhaus direkt am Meer	ジャガーXKRクーペ 3年保証	verdaechtig_kurz_oder_falsch
38361	ja	Jaguar XKR Coupe 3 Jahre Garantie	ジャガーXKRクーペ 3年保証	verdaechtig_kurz_oder_falsch
38365	ja	Jaguar XK8 Coupe 3 Jahre Garantie	ジャガー XK8クーペ 3年保証	verdaechtig_kurz_oder_falsch
38366	ja	Jaguar XJ12 mit 3 Jahren Garantie H-Zulassung	ジャガーXJ12 3年保証 H登録済み	verdaechtig_kurz_oder_falsch
38374	ja	Jaguar XKR Cabriolet 3 Jahre Garantie	ジャガーXKRカブリオレ 3年保証	verdaechtig_kurz_oder_falsch
38378	ja	Jaguar XKR Cabriolet 3 Jahre Garantie	ジャガーXKRカブリオレ 3年保証	verdaechtig_kurz_oder_falsch
38383	ja	Jaguar XKR Coupe 3 Jahre Garantie	ジャガーXKRクーペ 3年保証	verdaechtig_kurz_oder_falsch
38400	ja	Jaguar XKR Cabriolet 3 Jahre Garantie	ジャガーXKRカブリオレ 3年保証	verdaechtig_kurz_oder_falsch
38405	ja	Jaguar Daimler V8 Langversion 3 Jahre Garantie	ジャガー・ダイムラーV8ロングバージョン3年保証	verdaechtig_kurz_oder_falsch
38410	ja	Jaguar XK8 Coupe 3 Jahre Garantie	ジャガー XK8クーペ 3年保証	verdaechtig_kurz_oder_falsch
38414	ja	Jaguar XKR Coupé 3 Jahre Garantie	ジャガーXKRクーペ 3年保証	verdaechtig_kurz_oder_falsch
38415	ja	Jaguar XKR Cabriolet 3 Jahre Garantie	ジャガーXKRカブリオレ 3年保証	verdaechtig_kurz_oder_falsch
38439	ja	Moderne Villa mit Pool und Panorama-Meerblick	プールとパノラマ海景色のあるモダンなヴィラ	verdaechtig_kurz_oder_falsch
38453	ja	Jaguar XJ12  Serie 3 mit 3 Jahren Garantie	ジャガーXJ12シリーズ3 3年間の保証付き	verdaechtig_kurz_oder_falsch
38463	ja	Moderne 4-Zimmer-Wohnungen in schöner Ruhigen Lage!	美しい静かな場所にあるモダンな4部屋のアパートメント！	verdaechtig_kurz_oder_falsch
38485	ja	Investment mit Eigennutz	自己利用の投資	verdaechtig_kurz_oder_falsch
38505	ja	Anwesen mit einer der größten privaten Schutzanlagen - zwischen Innsbruck &  Kitzbühel	インスブルックとキッツビュールの間に位置する、最大級の私設保護施設の一つを備えた邸宅	verdaechtig_kurz_oder_falsch
38567	tr	Mercedes-Benz G 63 AMG Sondermodell Edition 463	LÜKS ELMAS DAĞ EVİ	verdaechtig_kurz_oder_falsch
38567	ja	Mercedes-Benz G 63 AMG Sondermodell Edition 463	高級ダイヤモンドマウンテンホーム	verdaechtig_kurz_oder_falsch
38567	ja	THE LUXURY DIAMOND MOUNTAIN HOME	高級ダイヤモンドマウンテンホーム	verdaechtig_kurz_oder_falsch
38567	nl	Mercedes-Benz G 63 AMG Sondermodell Edition 463	DE LUXE DIAMANTBERG HUIS	verdaechtig_kurz_oder_falsch
38586	ja	Mercedes-Benz 280 TE, reichhaltig Ausgestattet u. dokumentiert	メルセデス・ベンツ 280 TE、豊富な装備と記録付き	verdaechtig_kurz_oder_falsch
38593	ja	Jaguar XJR mit 3 Jahren Garantie Top Zustand	ジャガーXJR 3年保証付き、状態良好	verdaechtig_kurz_oder_falsch
38594	ja	Jaguar XK8 Coupe 3 Jahre Garantie	ジャガー XK8クーペ 3年保証	verdaechtig_kurz_oder_falsch
38604	en	Immogold Sizilien SGS 25123 Tolles Areal inklusive eines Olivenhains und Rustuico	Mercedes-Benz 250 CE '69	verdaechtig_kurz_oder_falsch
38604	fr	Immogold Sizilien SGS 25123 Tolles Areal inklusive eines Olivenhains und Rustuico	Mercedes-Benz 250 CE '69	verdaechtig_kurz_oder_falsch
38604	it	Immogold Sizilien SGS 25123 Tolles Areal inklusive eines Olivenhains und Rustuico	Mercedes-Benz 250 CE '69	verdaechtig_kurz_oder_falsch
38604	tr	Immogold Sizilien SGS 25123 Tolles Areal inklusive eines Olivenhains und Rustuico	Mercedes-Benz 250 CE '69	verdaechtig_kurz_oder_falsch
38604	ja	Immogold Sizilien SGS 25123 Tolles Areal inklusive eines Olivenhains und Rustuico	Mercedes-Benz 250 CE '69	verdaechtig_kurz_oder_falsch
38604	cs	Immogold Sizilien SGS 25123 Tolles Areal inklusive eines Olivenhains und Rustuico	Mercedes-Benz 250 CE '69	verdaechtig_kurz_oder_falsch
38604	ru	Immogold Sizilien SGS 25123 Tolles Areal inklusive eines Olivenhains und Rustuico	Mercedes-Benz 250 CE '69	verdaechtig_kurz_oder_falsch
38604	es	Immogold Sizilien SGS 25123 Tolles Areal inklusive eines Olivenhains und Rustuico	Mercedes-Benz 250 CE '69	verdaechtig_kurz_oder_falsch
38604	nl	Immogold Sizilien SGS 25123 Tolles Areal inklusive eines Olivenhains und Rustuico	Mercedes-Benz 250 CE '69	verdaechtig_kurz_oder_falsch
38604	pl	Immogold Sizilien SGS 25123 Tolles Areal inklusive eines Olivenhains und Rustuico	Mercedes-Benz 250 CE '69	verdaechtig_kurz_oder_falsch
38646	en	Exklusive Maisonette-Dachgeschosswohnung in prachtvoller Jahrhundertwendevilla	BMW  318i Cabriolet '92	verdaechtig_kurz_oder_falsch
38646	fr	Exklusive Maisonette-Dachgeschosswohnung in prachtvoller Jahrhundertwendevilla	BMW  318i Cabriolet '92	verdaechtig_kurz_oder_falsch
38646	it	Exklusive Maisonette-Dachgeschosswohnung in prachtvoller Jahrhundertwendevilla	BMW  318i Cabriolet '92	verdaechtig_kurz_oder_falsch
38646	tr	Exklusive Maisonette-Dachgeschosswohnung in prachtvoller Jahrhundertwendevilla	BMW  318i Cabriolet '92	verdaechtig_kurz_oder_falsch
38646	ja	Exklusive Maisonette-Dachgeschosswohnung in prachtvoller Jahrhundertwendevilla	豪華な世紀末のヴィラにあるエクスクルーシブなメゾネット屋根裏部屋	verdaechtig_kurz_oder_falsch
38646	ja	Exklusive Maisonette-Dachgeschosswohnung in prachtvoller Jahrhundertwendevilla	BMW  318i Cabriolet '92	verdaechtig_kurz_oder_falsch
38646	cs	Exklusive Maisonette-Dachgeschosswohnung in prachtvoller Jahrhundertwendevilla	BMW  318i Cabriolet '92	verdaechtig_kurz_oder_falsch
38646	ru	Exklusive Maisonette-Dachgeschosswohnung in prachtvoller Jahrhundertwendevilla	BMW  318i Cabriolet '92	verdaechtig_kurz_oder_falsch
38646	es	Exklusive Maisonette-Dachgeschosswohnung in prachtvoller Jahrhundertwendevilla	BMW  318i Cabriolet '92	verdaechtig_kurz_oder_falsch
38646	nl	Exklusive Maisonette-Dachgeschosswohnung in prachtvoller Jahrhundertwendevilla	BMW  318i Cabriolet '92	verdaechtig_kurz_oder_falsch
38646	pl	Exklusive Maisonette-Dachgeschosswohnung in prachtvoller Jahrhundertwendevilla	BMW  318i Cabriolet '92	verdaechtig_kurz_oder_falsch
38664	ja	Luxus-Townhouse in zentraler Toplage	中心地の一等地にある高級タウンハウス	verdaechtig_kurz_oder_falsch
38682	ja	Jaguar XK8 Cabriolet 3 Jahre Garantie	ジャガー XK8 カブリオレ 3年保証	verdaechtig_kurz_oder_falsch
38684	ja	Jaguar XJ40 Soverein mit 3 Jahre Garantie H-Zulassung	ジャガーXJ40 Soverein 3年保証 H登録	verdaechtig_kurz_oder_falsch
38686	en	Luxuriöses Penthouse mit Swimmingpool auf der Dachterrasse und Panorama-Meerblick	Jaguar XKR Convertible 3 Years Warranty	verdaechtig_kurz_oder_falsch
38686	fr	Luxuriöses Penthouse mit Swimmingpool auf der Dachterrasse und Panorama-Meerblick	Jaguar XKR Cabriolet 3 ans de garantie	verdaechtig_kurz_oder_falsch
38686	it	Luxuriöses Penthouse mit Swimmingpool auf der Dachterrasse und Panorama-Meerblick	Jaguar XKR Cabriolet 3 anni di garanzia	verdaechtig_kurz_oder_falsch
38686	tr	Luxuriöses Penthouse mit Swimmingpool auf der Dachterrasse und Panorama-Meerblick	Jaguar XKR Cabriolet 3 Yıl Garanti	verdaechtig_kurz_oder_falsch
38686	ja	Luxuriöses Penthouse mit Swimmingpool auf der Dachterrasse und Panorama-Meerblick	屋上のプールとパノラマの海の景色が楽しめる豪華なペントハウス	verdaechtig_kurz_oder_falsch
38686	ja	Luxuriöses Penthouse mit Swimmingpool auf der Dachterrasse und Panorama-Meerblick	ジャガーXKRカブリオレ 3年保証	verdaechtig_kurz_oder_falsch
38686	ja	Jaguar XKR Cabriolet 3 Jahre Garantie	ジャガーXKRカブリオレ 3年保証	verdaechtig_kurz_oder_falsch
38686	cs	Luxuriöses Penthouse mit Swimmingpool auf der Dachterrasse und Panorama-Meerblick	Jaguar XKR kabriolet 3 roky záruka	verdaechtig_kurz_oder_falsch
38686	ru	Luxuriöses Penthouse mit Swimmingpool auf der Dachterrasse und Panorama-Meerblick	Кабриолет Jaguar XKR с 3-летней гарантией	verdaechtig_kurz_oder_falsch
38686	es	Luxuriöses Penthouse mit Swimmingpool auf der Dachterrasse und Panorama-Meerblick	Jaguar XKR Cabriolet 3 años de garantía	verdaechtig_kurz_oder_falsch
38686	nl	Luxuriöses Penthouse mit Swimmingpool auf der Dachterrasse und Panorama-Meerblick	Jaguar XKR Cabriolet 3 jaar garantie	verdaechtig_kurz_oder_falsch
38686	pl	Luxuriöses Penthouse mit Swimmingpool auf der Dachterrasse und Panorama-Meerblick	Jaguar XKR Cabriolet 3 Jahre Garantie	verdaechtig_kurz_oder_falsch
38691	ja	Gemütliches Einfamilienhaus mit Pool	プール付きの快適な一戸建て住宅	verdaechtig_kurz_oder_falsch
38693	ja	Neue Penthouses mit Panorama-Meerblick	パノラマ海景の新しいペントハウス	verdaechtig_kurz_oder_falsch
38730	en	Name	Name	uebernommen_identisch
38730	fr	Name	Nom	verdaechtig_kurz_oder_falsch
38730	it	Name	Nome	verdaechtig_kurz_oder_falsch
38730	tr	Name	İsim	verdaechtig_kurz_oder_falsch
38730	ja	Name	名前	verdaechtig_kurz_oder_falsch
38730	cs	Name	Jméno	verdaechtig_kurz_oder_falsch
38730	ru	Name	Имя	verdaechtig_kurz_oder_falsch
38730	es	Name	Nombre	verdaechtig_kurz_oder_falsch
38730	nl	Name	Naam	verdaechtig_kurz_oder_falsch
38730	pl	Name	Nazwa	verdaechtig_kurz_oder_falsch
38731	ja	Mediterrane Villa direkt am Meer, Region Dubrovnik	ドゥブロヴニク地域の海辺に直接面した地中海風のヴィラ	verdaechtig_kurz_oder_falsch
38748	ja	Land Rover Range Rover Evoque D200 AWD DYNAMIC SE	繁華街の商業用地	verdaechtig_kurz_oder_falsch
38748	ja	Gewerbegrundstück in frequentierter Lage	繁華街の商業用地	verdaechtig_kurz_oder_falsch
38751	en	Gewerbliche Liegenschaft mit Produktionsbetrieb (Tischlerei) und Wohnhaus Vöcklabruck/Dürnau – ideal für Unternehmer & Betriebsnachfolge	Land Rover Range Rover Sport P460e Dynamic HSE	verdaechtig_kurz_oder_falsch
38751	fr	Gewerbliche Liegenschaft mit Produktionsbetrieb (Tischlerei) und Wohnhaus Vöcklabruck/Dürnau – ideal für Unternehmer & Betriebsnachfolge	Land Rover Range Rover Sport P460e Dynamic HSE	verdaechtig_kurz_oder_falsch
38751	it	Gewerbliche Liegenschaft mit Produktionsbetrieb (Tischlerei) und Wohnhaus Vöcklabruck/Dürnau – ideal für Unternehmer & Betriebsnachfolge	Land Rover Range Rover Sport P460e Dynamic HSE	verdaechtig_kurz_oder_falsch
38751	tr	Gewerbliche Liegenschaft mit Produktionsbetrieb (Tischlerei) und Wohnhaus Vöcklabruck/Dürnau – ideal für Unternehmer & Betriebsnachfolge	Land Rover Range Rover Sport P460e Dynamic HSE	verdaechtig_kurz_oder_falsch
38751	ja	Gewerbliche Liegenschaft mit Produktionsbetrieb (Tischlerei) und Wohnhaus Vöcklabruck/Dürnau – ideal für Unternehmer & Betriebsnachfolge	商業用不動産（製材所を含む生産施設）と住宅 Vöcklabruck / Dürnau – 起業家や事業継承に理想的	verdaechtig_kurz_oder_falsch
38751	ja	Gewerbliche Liegenschaft mit Produktionsbetrieb (Tischlerei) und Wohnhaus Vöcklabruck/Dürnau – ideal für Unternehmer & Betriebsnachfolge	Land Rover Range Rover Sport P460e Dynamic HSE	verdaechtig_kurz_oder_falsch
38751	cs	Gewerbliche Liegenschaft mit Produktionsbetrieb (Tischlerei) und Wohnhaus Vöcklabruck/Dürnau – ideal für Unternehmer & Betriebsnachfolge	Land Rover Range Rover Sport P460e Dynamic HSE	verdaechtig_kurz_oder_falsch
38751	ru	Gewerbliche Liegenschaft mit Produktionsbetrieb (Tischlerei) und Wohnhaus Vöcklabruck/Dürnau – ideal für Unternehmer & Betriebsnachfolge	Land Rover Range Rover Sport P460e Dynamic HSE	verdaechtig_kurz_oder_falsch
38751	es	Gewerbliche Liegenschaft mit Produktionsbetrieb (Tischlerei) und Wohnhaus Vöcklabruck/Dürnau – ideal für Unternehmer & Betriebsnachfolge	Land Rover Range Rover Sport P460e Dynamic HSE	verdaechtig_kurz_oder_falsch
38751	nl	Gewerbliche Liegenschaft mit Produktionsbetrieb (Tischlerei) und Wohnhaus Vöcklabruck/Dürnau – ideal für Unternehmer & Betriebsnachfolge	Land Rover Range Rover Sport P460e Dynamic HSE	verdaechtig_kurz_oder_falsch
38751	pl	Gewerbliche Liegenschaft mit Produktionsbetrieb (Tischlerei) und Wohnhaus Vöcklabruck/Dürnau – ideal für Unternehmer & Betriebsnachfolge	Land Rover Range Rover Sport P460e Dynamic HSE	verdaechtig_kurz_oder_falsch
38779	ja	Penthouse mit Dachterrasse und wunderschönem Meerblick	ペントハウスと屋上テラス、そして美しい海の景色	verdaechtig_kurz_oder_falsch
38780	ja	Moderne Neubau-Appartements am Strand	ビーチ沿いの現代的な新築アパートメント	verdaechtig_kurz_oder_falsch
38780	ja	Porsche 992 Carrera S Cabriolet - Approved/Service neu!	ビーチ沿いの現代的な新築アパートメント	verdaechtig_kurz_oder_falsch
38783	ja	Smart-Luxus Traumhaus – Exklusives Wohnen im grünen Paradies, mit Stil, Eleganz & maximalem Komfort	ポルシェ パナメーラ GTS、2年認定済み、LED、極上の状態	verdaechtig_kurz_oder_falsch
38784	ja	Luxuriöse Residenz – Exklusives Traumhaus mit Smart-Living, Stil, Eleganz & höchstem Komfort im Grünen	豪華なレジデンス – スマートリビング、スタイル、エレガンス、そして最高の快適さを備えた夢の家	verdaechtig_kurz_oder_falsch
38808	ja	Frequentiertes Geschäftslokal-Büro, Nähe Lidlpark	頻繁に利用される店舗事務所、リドルパーク近く	verdaechtig_kurz_oder_falsch
38819	ja	Porsche 718 Cayman S /Sport-Chrono/Sport AGA/PASM/*515€	ユニークなトップサンロケーションにある高級アパートメント	verdaechtig_kurz_oder_falsch
38859	ja	Jaguar XKR Cabriolet 3 Jahre Garantie	ジャガーXKRカブリオレ 3年保証	verdaechtig_kurz_oder_falsch
38863	ja	Jaguar XJ 3.2 Executive Rechtslenker 3 Jahre Garantie	ジャガーXJ 3.2エグゼクティブ右ハンドル3年保証	verdaechtig_kurz_oder_falsch
38869	ja	Mercedes-Benz V 300 D EDITION LANG*AUT.*MFL*TMP*NAVI*AMG LINE*	絶好のロケーションにある豪華なヴィラ、遮るもののない皇帝の眺め	verdaechtig_kurz_oder_falsch
38886	ja	Mercedes-Benz V 250 d Avantgarde Lang,AMG,AHK,Leder,Distr,360°	日当たりの良いトップロケーションの土地、パノラマビュー付き	verdaechtig_kurz_oder_falsch
38932	ja	Audi S3 8v Limousine mit Guter Ausstattung	アウディS3 8Vセダン 良好な装備付き	verdaechtig_kurz_oder_falsch
38962	ja	Garagenstellplatz in bester Lage des 18. Wiener Bezirks	ウィーン第18区の最高の場所にあるガレージ駐車場	verdaechtig_kurz_oder_falsch
38962	ja	Porsche Cayenne E-Hybrid Coupe Black Edition HA-Lenkung	ウィーン第18区の最高の場所にあるガレージ駐車場	verdaechtig_kurz_oder_falsch
38980	en	Einmalige 4-Zimmer Dachgeschoßwohnung mit Loggia & Parkplatz & Klima	BMW  318i Cabriolet '91	verdaechtig_kurz_oder_falsch
38980	fr	Einmalige 4-Zimmer Dachgeschoßwohnung mit Loggia & Parkplatz & Klima	BMW  318i Cabriolet '91	verdaechtig_kurz_oder_falsch
38980	it	Einmalige 4-Zimmer Dachgeschoßwohnung mit Loggia & Parkplatz & Klima	BMW  318i Cabriolet '91	verdaechtig_kurz_oder_falsch
38980	tr	Einmalige 4-Zimmer Dachgeschoßwohnung mit Loggia & Parkplatz & Klima	BMW  318i Cabriolet '91	verdaechtig_kurz_oder_falsch
38980	ja	Einmalige 4-Zimmer Dachgeschoßwohnung mit Loggia & Parkplatz & Klima	一度きりの4部屋の屋根裏部屋、ロジア、駐車場、エアコン付き	verdaechtig_kurz_oder_falsch
38980	ja	Einmalige 4-Zimmer Dachgeschoßwohnung mit Loggia & Parkplatz & Klima	BMW  318i Cabriolet '91	verdaechtig_kurz_oder_falsch
38980	cs	Einmalige 4-Zimmer Dachgeschoßwohnung mit Loggia & Parkplatz & Klima	BMW  318i Cabriolet '91	verdaechtig_kurz_oder_falsch
38980	ru	Einmalige 4-Zimmer Dachgeschoßwohnung mit Loggia & Parkplatz & Klima	BMW  318i Cabriolet '91	verdaechtig_kurz_oder_falsch
38980	es	Einmalige 4-Zimmer Dachgeschoßwohnung mit Loggia & Parkplatz & Klima	BMW  318i Cabriolet '91	verdaechtig_kurz_oder_falsch
38980	nl	Einmalige 4-Zimmer Dachgeschoßwohnung mit Loggia & Parkplatz & Klima	BMW  318i Cabriolet '91	verdaechtig_kurz_oder_falsch
38980	pl	Einmalige 4-Zimmer Dachgeschoßwohnung mit Loggia & Parkplatz & Klima	BMW  318i Cabriolet '91	verdaechtig_kurz_oder_falsch
38992	ja	Großzügiges Loft in Toplage des 2. Bezirks, Nähe Augarten	第2区の一等地にある広々としたロフト、オーガルテンの近く	verdaechtig_kurz_oder_falsch
38993	ja	Jaguar Daimler Kurzversion 164 Stück 3 Jahre Garantie	ジャガー・ダイムラー短縮版 164個 3年保証	verdaechtig_kurz_oder_falsch
38993	ja	Geräumiges 3-Zimmer Büro mit großen Lagerräumen und eigener Einfahrt, Nähe Landstraße	ジャガー・ダイムラー短縮版 164個 3年保証	verdaechtig_kurz_oder_falsch
38993	ja	Geräumiges 3-Zimmer Büro mit großen Lagerräumen und eigener Einfahrt, Nähe Landstraße	広々とした3部屋のオフィス、大きな倉庫、自家用車の出入り口付き、ランドストラー近く	verdaechtig_kurz_oder_falsch
38995	ja	Wohnhaus in Ruhelage Ihr neues Zuhause !	ジャガー XK8 カブリオレ 3年保証	verdaechtig_kurz_oder_falsch
38995	ja	Wohnhaus in Ruhelage Ihr neues Zuhause !	静かな場所にある住宅あなたの新しい家！	verdaechtig_kurz_oder_falsch
38998	ja	Jaguar Daimler V8 Langversion  3 Jahre Garantie	サンベルクの夢のような眺望の場所にある建築用地	verdaechtig_kurz_oder_falsch
38998	ja	Baugrundstück in traumhafter Aussichtslage am Sonnberg	ジャガー・ダイムラー V8 ロングバージョン 3年保証	verdaechtig_kurz_oder_falsch
38998	ja	Baugrundstück in traumhafter Aussichtslage am Sonnberg	サンベルクの夢のような眺望の場所にある建築用地	verdaechtig_kurz_oder_falsch
39042	ja	Lagerhalle im Industriegebiet Münchendorf – flexibel nutzbar	ミュンヒェンドルフ工業地帯の倉庫 – 柔軟に利用可能	verdaechtig_kurz_oder_falsch
39042	ja	Audi RS5 2.9 TFSI quattro/Bang &amp; Olufsen/Matrix/*480€	ミュンヒェンドルフ工業地帯の倉庫 – 柔軟に利用可能	verdaechtig_kurz_oder_falsch
39043	ja	Lagerhalle im Industriegebiet Münchendorf – flexibel nutzbar	ミュンヒェンドルフ工業地帯の倉庫 – 柔軟に利用可能	verdaechtig_kurz_oder_falsch
39043	ja	Jeep Grand Cherokee Summit Reserve 5.7 HEMI V8 4x4	ミュンヒェンドルフ工業地帯の倉庫 – 柔軟に利用可能	verdaechtig_kurz_oder_falsch
39050	en	Name	Name	uebernommen_identisch
39050	fr	Name	Name	uebernommen_identisch
39050	it	Name	Name	uebernommen_identisch
39050	tr	Name	Name	uebernommen_identisch
39050	ja	Name	Name	uebernommen_identisch
39050	cs	Name	Name	uebernommen_identisch
39050	ru	Name	Name	uebernommen_identisch
39050	es	Name	Name	uebernommen_identisch
39050	nl	Name	Name	uebernommen_identisch
39050	pl	Name	Name	uebernommen_identisch
39058	ja	Mercedes-Benz GLE 350 de 4Matic-DIESEL/PLUG IN HYBRID-PANORAMA	トップロケーションにある屋内プール付き新築ヴィラ	verdaechtig_kurz_oder_falsch
39061	ja	Mercedes-Benz EQS 450+ SUV ! AMG LINE PREMIUM - 118kWh Battery	ビーチのすぐそばにある魅力的な石造りの家	verdaechtig_kurz_oder_falsch
39070	en	Luxusvilla mit Infinity-Pool und Meerblick in ruhiger Lage	BMW Z3 Z3 Roadster 2.8	verdaechtig_kurz_oder_falsch
39070	fr	Luxusvilla mit Infinity-Pool und Meerblick in ruhiger Lage	BMW Z3 Z3 roadster 2.8	verdaechtig_kurz_oder_falsch
39070	it	Luxusvilla mit Infinity-Pool und Meerblick in ruhiger Lage	BMW Z3 Z3 roadster 2.8	verdaechtig_kurz_oder_falsch
39070	tr	Luxusvilla mit Infinity-Pool und Meerblick in ruhiger Lage	BMW Z3 Z3 Roadster 2.8	verdaechtig_kurz_oder_falsch
39070	ja	Luxusvilla mit Infinity-Pool und Meerblick in ruhiger Lage	BMW Z3 Z3ロードスター 2.8	verdaechtig_kurz_oder_falsch
39070	cs	Luxusvilla mit Infinity-Pool und Meerblick in ruhiger Lage	BMW Z3 Z3 roadster 2.8	verdaechtig_kurz_oder_falsch
39070	ru	Luxusvilla mit Infinity-Pool und Meerblick in ruhiger Lage	BMW Z3 Z3 родстер 2.8	verdaechtig_kurz_oder_falsch
39070	es	Luxusvilla mit Infinity-Pool und Meerblick in ruhiger Lage	BMW Z3 Z3 roadster 2.8	verdaechtig_kurz_oder_falsch
39070	nl	Luxusvilla mit Infinity-Pool und Meerblick in ruhiger Lage	BMW Z3 Z3 roadster 2.8	verdaechtig_kurz_oder_falsch
39070	pl	Luxusvilla mit Infinity-Pool und Meerblick in ruhiger Lage	BMW Z3 Z3 roadster 2.8	verdaechtig_kurz_oder_falsch
39070	au	Luxusvilla mit Infinity-Pool und Meerblick in ruhiger Lage	BMW Z3 Z3 roadster 2.8	verdaechtig_kurz_oder_falsch
39082	ja	Großzügige Neubauwohnung mit Terrasse und Garten in Baden – Erstbezug | Familien & Anleger	バーデンのテラスと庭のある広々とした新築アパートメント – 初入居 | ファミリー＆投資家向け	verdaechtig_kurz_oder_falsch
39083	en	Ihr Rückzugsort in Puch bei Hallein - 3,5-Zimmer-Terrassenwohnung mit Panoramablick	Mercedes E 280 T	verdaechtig_kurz_oder_falsch
39083	fr	Ihr Rückzugsort in Puch bei Hallein - 3,5-Zimmer-Terrassenwohnung mit Panoramablick	Mercedes E 280 T	verdaechtig_kurz_oder_falsch
39083	it	Ihr Rückzugsort in Puch bei Hallein - 3,5-Zimmer-Terrassenwohnung mit Panoramablick	Mercedes E 280 T	verdaechtig_kurz_oder_falsch
39083	tr	Ihr Rückzugsort in Puch bei Hallein - 3,5-Zimmer-Terrassenwohnung mit Panoramablick	Mercedes E 280 T	verdaechtig_kurz_oder_falsch
39083	ja	Ihr Rückzugsort in Puch bei Hallein - 3,5-Zimmer-Terrassenwohnung mit Panoramablick	メルセデス E 280 T	verdaechtig_kurz_oder_falsch
39083	cs	Ihr Rückzugsort in Puch bei Hallein - 3,5-Zimmer-Terrassenwohnung mit Panoramablick	Mercedes E 280 T	verdaechtig_kurz_oder_falsch
39083	ru	Ihr Rückzugsort in Puch bei Hallein - 3,5-Zimmer-Terrassenwohnung mit Panoramablick	Mercedes E 280 T	verdaechtig_kurz_oder_falsch
39083	es	Ihr Rückzugsort in Puch bei Hallein - 3,5-Zimmer-Terrassenwohnung mit Panoramablick	Mercedes E 280 T	verdaechtig_kurz_oder_falsch
39083	nl	Ihr Rückzugsort in Puch bei Hallein - 3,5-Zimmer-Terrassenwohnung mit Panoramablick	Mercedes E 280 T	verdaechtig_kurz_oder_falsch
39083	pl	Ihr Rückzugsort in Puch bei Hallein - 3,5-Zimmer-Terrassenwohnung mit Panoramablick	Mercedes E 280 T	verdaechtig_kurz_oder_falsch
39086	ja	Großes arrondiertes Ackergrundstück ( fast 2ha ) in Illmitz, Burgenland	イリミッツ、ブルゲンラントの大きな円形の農地（ほぼ2ヘクタール）	verdaechtig_kurz_oder_falsch
39099	ja	Moderne Villa mit wunderschönem Panorama-Meerblick und Infinity-Pool	モダンなヴィラ、美しいパノラマの海の景色とインフィニティプール付き	verdaechtig_kurz_oder_falsch
39124	ja	Villa im besten Kairo Stadt Ägypten	エジプトのカイロ市内の最高のヴィラ	verdaechtig_kurz_oder_falsch
39144	ja	Porsche Cayenne S Nachtsicht Pano Luft Vierradlenkung	海辺の第一列に位置する古い建物の宝石	verdaechtig_kurz_oder_falsch
39161	ja	Mercedes-Benz EQS 580 4Matic AMG LINE+21&quot;-/PREMIUM PLUS PAKET	ドゥブロヴニク地域の海辺に面した一等地の地中海風ヴィラ	verdaechtig_kurz_oder_falsch
39161	ja	Mediterrane Villa in der ersten Reihe zum Meeresufer, Region Dubrovnik	ドゥブロヴニク地域の海辺に面した一等地の地中海風ヴィラ	verdaechtig_kurz_oder_falsch
39181	en	K5 Top 1 - Gartenwohnung in exklusivem Neubau	BMW  2000 CS '64	verdaechtig_kurz_oder_falsch
39181	fr	K5 Top 1 - Gartenwohnung in exklusivem Neubau	BMW  2000 CS '64	verdaechtig_kurz_oder_falsch
39181	it	K5 Top 1 - Gartenwohnung in exklusivem Neubau	BMW  2000 CS '64	verdaechtig_kurz_oder_falsch
39181	tr	K5 Top 1 - Gartenwohnung in exklusivem Neubau	BMW  2000 CS '64	verdaechtig_kurz_oder_falsch
39181	ja	K5 Top 1 - Gartenwohnung in exklusivem Neubau	BMW  2000 CS '64	verdaechtig_kurz_oder_falsch
39181	cs	K5 Top 1 - Gartenwohnung in exklusivem Neubau	BMW  2000 CS '64	verdaechtig_kurz_oder_falsch
39181	ru	K5 Top 1 - Gartenwohnung in exklusivem Neubau	BMW  2000 CS '64	verdaechtig_kurz_oder_falsch
39181	es	K5 Top 1 - Gartenwohnung in exklusivem Neubau	BMW  2000 CS '64	verdaechtig_kurz_oder_falsch
39181	nl	K5 Top 1 - Gartenwohnung in exklusivem Neubau	BMW 2000 CS '64	verdaechtig_kurz_oder_falsch
39181	pl	K5 Top 1 - Gartenwohnung in exklusivem Neubau	BMW  2000 CS '64	verdaechtig_kurz_oder_falsch
39181	au	K5 Top 1 - Gartenwohnung in exklusivem Neubau	BMW  2000 CS '64	verdaechtig_kurz_oder_falsch
39289	ja	Mercedes-Benz EQS SUV 450+ AMG LINE - 22 LADER/LOAD - MASSAGE	絶好のロケーションにあるプール付きの高級ガーデンアパートメント	verdaechtig_kurz_oder_falsch
39325	ja	ZENTRALE NEUBAUWOHNUNGEN - TOP 1	中央新築住宅 - トップ1	verdaechtig_kurz_oder_falsch
39327	ja	ZENTRALE NEUBAUWOHNUNGEN - TOP 2	中央新築住宅 - トップ2	verdaechtig_kurz_oder_falsch
39339	en	Nord-Sizilien Super-Villa auf ca. 20.000 m² Areal, parkähnlichem Garten, Blick auf die Äolischen Inseln, die Olivenhaine und einen phantastischen Meerblick	Mercedes-Benz GLS 450 4Matic PANORAMA / BURMESTER / HEAD UP ++	verdaechtig_kurz_oder_falsch
39339	fr	Nord-Sizilien Super-Villa auf ca. 20.000 m² Areal, parkähnlichem Garten, Blick auf die Äolischen Inseln, die Olivenhaine und einen phantastischen Meerblick	Mercedes-Benz GLS 450 4Matic PANORAMA / BURMESTER / HEAD UP ++	verdaechtig_kurz_oder_falsch
39339	it	Nord-Sizilien Super-Villa auf ca. 20.000 m² Areal, parkähnlichem Garten, Blick auf die Äolischen Inseln, die Olivenhaine und einen phantastischen Meerblick	Mercedes-Benz GLS 450 4Matic PANORAMA / BURMESTER / HEAD UP ++	verdaechtig_kurz_oder_falsch
39339	tr	Nord-Sizilien Super-Villa auf ca. 20.000 m² Areal, parkähnlichem Garten, Blick auf die Äolischen Inseln, die Olivenhaine und einen phantastischen Meerblick	Mercedes-Benz GLS 450 4Matic PANORAMA / BURMESTER / HEAD UP ++	verdaechtig_kurz_oder_falsch
39339	ja	Nord-Sizilien Super-Villa auf ca. 20.000 m² Areal, parkähnlichem Garten, Blick auf die Äolischen Inseln, die Olivenhaine und einen phantastischen Meerblick	Mercedes-Benz GLS 450 4Matic PANORAMA / BURMESTER / HEAD UP ++	verdaechtig_kurz_oder_falsch
39339	ja	Nord-Sizilien Super-Villa auf ca. 20.000 m² Areal, parkähnlichem Garten, Blick auf die Äolischen Inseln, die Olivenhaine und einen phantastischen Meerblick	北シチリアのスーパービラ、約20,000平方メートルの敷地、庭園のような庭、イオリ島々の眺め、オリーブ畑、そして素晴らしい海の景色	verdaechtig_kurz_oder_falsch
39339	cs	Nord-Sizilien Super-Villa auf ca. 20.000 m² Areal, parkähnlichem Garten, Blick auf die Äolischen Inseln, die Olivenhaine und einen phantastischen Meerblick	Mercedes-Benz GLS 450 4Matic PANORAMA / BURMESTER / HEAD UP ++	verdaechtig_kurz_oder_falsch
39339	ru	Nord-Sizilien Super-Villa auf ca. 20.000 m² Areal, parkähnlichem Garten, Blick auf die Äolischen Inseln, die Olivenhaine und einen phantastischen Meerblick	Mercedes-Benz GLS 450 4Matic PANORAMA / BURMESTER / HEAD UP ++	verdaechtig_kurz_oder_falsch
39339	es	Nord-Sizilien Super-Villa auf ca. 20.000 m² Areal, parkähnlichem Garten, Blick auf die Äolischen Inseln, die Olivenhaine und einen phantastischen Meerblick	Mercedes-Benz GLS 450 4Matic PANORAMA / BURMESTER / HEAD UP ++	verdaechtig_kurz_oder_falsch
39339	nl	Nord-Sizilien Super-Villa auf ca. 20.000 m² Areal, parkähnlichem Garten, Blick auf die Äolischen Inseln, die Olivenhaine und einen phantastischen Meerblick	Mercedes-Benz GLS 450 4Matic PANORAMA / BURMESTER / HEAD UP ++	verdaechtig_kurz_oder_falsch
39339	pl	Nord-Sizilien Super-Villa auf ca. 20.000 m² Areal, parkähnlichem Garten, Blick auf die Äolischen Inseln, die Olivenhaine und einen phantastischen Meerblick	Mercedes-Benz GLS 450 4Matic PANORAMA / BURMESTER / HEAD UP ++	verdaechtig_kurz_oder_falsch
39340	ja	Mercedes-Benz CLE 180 Coupe ! EDITION AMG LINE ! 2 L /1999 cm1	シチリアの貴族の家、大きな敷地、2つの建築用地、素晴らしい海の景色	verdaechtig_kurz_oder_falsch
39340	ja	Sizilien nobles Casa mit riesigem Areal, zwei Baugrundstücken und tollem Meerblick	シチリアの貴族の家、大きな敷地、2つの建築用地、素晴らしい海の景色	verdaechtig_kurz_oder_falsch
39341	en	Immogold Süd-Sizilien SGS 26039 Siziliens stille Schönheit erleben; traumhaftes Anwesen mit mediterranen Gärten und weitem Grundstück	Mercedes-Benz CLE 180 Coupe! EDITION AMG LINE! 2 L / 1999 cm³	verdaechtig_kurz_oder_falsch
39341	fr	Immogold Süd-Sizilien SGS 26039 Siziliens stille Schönheit erleben; traumhaftes Anwesen mit mediterranen Gärten und weitem Grundstück	Mercedes-Benz CLE 180 Coupe ! EDITION AMG LINE ! 2 L /1999cm1	verdaechtig_kurz_oder_falsch
39341	it	Immogold Süd-Sizilien SGS 26039 Siziliens stille Schönheit erleben; traumhaftes Anwesen mit mediterranen Gärten und weitem Grundstück	Mercedes-Benz CLE 180 Coupe ! EDITION AMG LINE ! 2 L /1999cm1	verdaechtig_kurz_oder_falsch
39341	tr	Immogold Süd-Sizilien SGS 26039 Siziliens stille Schönheit erleben; traumhaftes Anwesen mit mediterranen Gärten und weitem Grundstück	Mercedes-Benz CLE 180 Coupe ! EDITION AMG LINE ! 2 L /1999cm1	verdaechtig_kurz_oder_falsch
39341	ja	Immogold Süd-Sizilien SGS 26039 Siziliens stille Schönheit erleben; traumhaftes Anwesen mit mediterranen Gärten und weitem Grundstück	Mercedes-Benz CLE 180 Coupe ! EDITION AMG LINE ! 2 L /1999cm1	verdaechtig_kurz_oder_falsch
39341	cs	Immogold Süd-Sizilien SGS 26039 Siziliens stille Schönheit erleben; traumhaftes Anwesen mit mediterranen Gärten und weitem Grundstück	Mercedes-Benz CLE 180 Coupe ! EDITION AMG LINE ! 2 L /1999cm1	verdaechtig_kurz_oder_falsch
39341	ru	Immogold Süd-Sizilien SGS 26039 Siziliens stille Schönheit erleben; traumhaftes Anwesen mit mediterranen Gärten und weitem Grundstück	Mercedes-Benz CLE 180 Coupe ! EDITION AMG LINE ! 2 L /1999cm1	verdaechtig_kurz_oder_falsch
39341	es	Immogold Süd-Sizilien SGS 26039 Siziliens stille Schönheit erleben; traumhaftes Anwesen mit mediterranen Gärten und weitem Grundstück	Mercedes-Benz CLE 180 Coupe ! EDITION AMG LINE ! 2 L /1999cm1	verdaechtig_kurz_oder_falsch
39341	nl	Immogold Süd-Sizilien SGS 26039 Siziliens stille Schönheit erleben; traumhaftes Anwesen mit mediterranen Gärten und weitem Grundstück	Mercedes-Benz CLE 180 Coupe ! EDITION AMG LINE ! 2 L /1999cm1	verdaechtig_kurz_oder_falsch
39341	pl	Immogold Süd-Sizilien SGS 26039 Siziliens stille Schönheit erleben; traumhaftes Anwesen mit mediterranen Gärten und weitem Grundstück	Mercedes-Benz CLE 180 Coupe ! EDITION AMG LINE ! 2 L /1999cm1	verdaechtig_kurz_oder_falsch
39344	ja	Mercedes-Benz E 200 ! AMG LINE &amp; NIGHT PAKET / BURMESTER 4D !	レジャー用の別荘のための建築許可を持つ土地	verdaechtig_kurz_oder_falsch
39344	ja	Grundstück mit Baugenehmigung für eine Freizeitwohnsitz-Luxusvilla	レジャー用の別荘のための建築許可を持つ土地	verdaechtig_kurz_oder_falsch
39345	ja	Mercedes-Benz EQS 450+ SUV ! AMG LINE PREMIUM - 118kWh Battery	一等地にあるエクスクルーシブなオフィスと運営者用住居	verdaechtig_kurz_oder_falsch
39346	ja	Mercedes-Benz CLE 180 Coupe EDITION AMG LINE / PANORAMA   +++	一等地にあるモダンな一戸建て住宅	verdaechtig_kurz_oder_falsch
39346	ja	Modernes Einfamilienhaus in Toplage	一等地にあるモダンな一戸建て住宅	verdaechtig_kurz_oder_falsch
39347	fr	Mercedes-Benz E 200 ! AMG LINE &amp; NIGHT PAKET / BURMESTER 4D !	Bureau exclusif en centre-ville	verdaechtig_kurz_oder_falsch
39347	it	Mercedes-Benz E 200 ! AMG LINE &amp; NIGHT PAKET / BURMESTER 4D !	Ufficio esclusivo nel centro città	verdaechtig_kurz_oder_falsch
39347	tr	Mercedes-Benz E 200 ! AMG LINE &amp; NIGHT PAKET / BURMESTER 4D !	Şehir merkezinde özel ofis	verdaechtig_kurz_oder_falsch
39347	ja	Mercedes-Benz E 200 ! AMG LINE &amp; NIGHT PAKET / BURMESTER 4D !	市内中心部のエクスクルーシブなオフィス	verdaechtig_kurz_oder_falsch
39347	cs	Mercedes-Benz E 200 ! AMG LINE &amp; NIGHT PAKET / BURMESTER 4D !	Exkluzivní kancelář v centru města	verdaechtig_kurz_oder_falsch
39347	ru	Mercedes-Benz E 200 ! AMG LINE &amp; NIGHT PAKET / BURMESTER 4D !	Эксклюзивный офис в центре города	verdaechtig_kurz_oder_falsch
39347	pl	Mercedes-Benz E 200 ! AMG LINE &amp; NIGHT PAKET / BURMESTER 4D !	Ekskluzywne biuro w centrum miasta	verdaechtig_kurz_oder_falsch
39348	ja	Mercedes-Benz 450+ SUV ! AMG LINE PREMIUM ! 118 kWh Battery !	夢のような眺めのエクスクルーシブなペントハウス	verdaechtig_kurz_oder_falsch
39348	ja	Exklusives Penthouse mit traumhaftem Ausblick	夢のような眺めのエクスクルーシブなペントハウス	verdaechtig_kurz_oder_falsch
39349	ja	Historische Villa in idyllischer Lage	田園の中の歴史的なヴィラ	verdaechtig_kurz_oder_falsch
39351	ja	Porsche Taycan 4S Cross Turismo Nachtsicht Burmester LED	トップロケーションにある屋内プール付き新築ヴィラ	verdaechtig_kurz_oder_falsch
39352	en	Schicke, neuartige, aparte Doppelhaushälfte mit Panoramameerblick Terrasse und die Option des einen Pool einzubringen	Porsche Macan GTS HA-Steering Head-Up Surround-View BOSE	verdaechtig_kurz_oder_falsch
39352	it	Schicke, neuartige, aparte Doppelhaushälfte mit Panoramameerblick Terrasse und die Option des einen Pool einzubringen	Porsche Macan GTS HA-Lenkung Head-Up Surround-View BOSE	verdaechtig_kurz_oder_falsch
39352	tr	Schicke, neuartige, aparte Doppelhaushälfte mit Panoramameerblick Terrasse und die Option des einen Pool einzubringen	Porsche Macan GTS HA-Lenkung Head-Up Surround-View BOSE	verdaechtig_kurz_oder_falsch
39352	ja	Schicke, neuartige, aparte Doppelhaushälfte mit Panoramameerblick Terrasse und die Option des einen Pool einzubringen	Porsche Macan GTS HA-Lenkung Head-Up Surround-View BOSE	verdaechtig_kurz_oder_falsch
39352	ja	Schicke, neuartige, aparte Doppelhaushälfte mit Panoramameerblick Terrasse und die Option des einen Pool einzubringen	新しくてユニークな、パノラマ海景色のテラス付きの二世帯住宅で、プールを設置するオプションもあります。	verdaechtig_kurz_oder_falsch
39352	cs	Schicke, neuartige, aparte Doppelhaushälfte mit Panoramameerblick Terrasse und die Option des einen Pool einzubringen	Porsche Macan GTS HA-Lenkung Head-Up Surround-View BOSE	verdaechtig_kurz_oder_falsch
39352	ru	Schicke, neuartige, aparte Doppelhaushälfte mit Panoramameerblick Terrasse und die Option des einen Pool einzubringen	Porsche Macan GTS HA-Lenkung Head-Up Surround-View BOSE	verdaechtig_kurz_oder_falsch
39352	es	Schicke, neuartige, aparte Doppelhaushälfte mit Panoramameerblick Terrasse und die Option des einen Pool einzubringen	Porsche Macan GTS HA-Lenkung Head-Up Surround-View BOSE	verdaechtig_kurz_oder_falsch
39352	nl	Schicke, neuartige, aparte Doppelhaushälfte mit Panoramameerblick Terrasse und die Option des einen Pool einzubringen	Porsche Macan GTS HA-Lenkung Head-Up Surround-View BOSE	verdaechtig_kurz_oder_falsch
39352	pl	Schicke, neuartige, aparte Doppelhaushälfte mit Panoramameerblick Terrasse und die Option des einen Pool einzubringen	Porsche Macan GTS HA-Lenkung Head-Up Surround-View BOSE	verdaechtig_kurz_oder_falsch
39353	ja	Baugrundstück in traumhafter Toplage mit Kaiserblick	夢のような最高のロケーションにある土地、皇帝の眺め付き	verdaechtig_kurz_oder_falsch
39354	ja	Skihütte & Gastgewerbebetrieb mit exklusiver Wohnmöglichkeit	スキー小屋＆ホスピタリティ事業、豪華な居住空間付き	verdaechtig_kurz_oder_falsch
39354	ja	Porsche Cayenne S E-Hybrid InnoDrive Head-Up Sportabgas	スキー小屋＆ホスピタリティ事業、豪華な居住空間付き	verdaechtig_kurz_oder_falsch
39355	ja	Exklusive Dachgeschosswohnung in Zentrumslage	中心部に位置するエクスクルーシブな屋根裏部屋	verdaechtig_kurz_oder_falsch
39357	ja	Nord/West Sizilien, super renovierte Wohnung, mit einer riesigen Dachterrasse, vier Schlafzimmern die eigene Bäder aufweisen	北西シチリア、非常に改装されたアパートメント、広大な屋上テラス、4つの寝室と専用バスルーム付き	verdaechtig_kurz_oder_falsch
39358	ja	Porsche Macan 4 PASM Rückfahrkamera Panoramadach LED	古い建物と一部レジャー用居住地のある土地	verdaechtig_kurz_oder_falsch
39358	ja	Grundstück mit Altbestand und teilweise Freizeitwohnsitz	古い建物と一部レジャー用居住地のある土地	verdaechtig_kurz_oder_falsch
39359	ja	Luxus-Anwesen in prominenter Toplage	著名な一等地にある豪華な邸宅	verdaechtig_kurz_oder_falsch
39359	ja	Porsche Macan Surround-View Parklenkassistent LED	著名な一等地にある豪華な邸宅	verdaechtig_kurz_oder_falsch
39360	ja	Jaguar XKR Coupe 3 Jahre Garantie	レジャー住宅免除付きの多世帯住宅	verdaechtig_kurz_oder_falsch
39360	ja	Mehrfamilienhaus mit FREIZEITWOHNSITZWIDMUNG	レジャー住宅免除付きの多世帯住宅	verdaechtig_kurz_oder_falsch
39361	ja	Aston Martin DB7 DB7 Vantage Coupe 12 Zylinder	改装済みの屋根裏部屋の住居番号4060_17	verdaechtig_kurz_oder_falsch
39362	en	Grundstück mit Planungsstudie am Fuße des Wilden Kaisers	Mercedes-Benz 250 SE	verdaechtig_kurz_oder_falsch
39362	fr	Grundstück mit Planungsstudie am Fuße des Wilden Kaisers	Mercedes-Benz 250 SE	verdaechtig_kurz_oder_falsch
39362	it	Grundstück mit Planungsstudie am Fuße des Wilden Kaisers	Mercedes-Benz 250 SE	verdaechtig_kurz_oder_falsch
39362	tr	Grundstück mit Planungsstudie am Fuße des Wilden Kaisers	Mercedes-Benz 250 SE	verdaechtig_kurz_oder_falsch
39362	ja	Grundstück mit Planungsstudie am Fuße des Wilden Kaisers	Mercedes-Benz 250 SE	verdaechtig_kurz_oder_falsch
39362	ja	Grundstück mit Planungsstudie am Fuße des Wilden Kaisers	ワイルド・カイザーのふもとにある計画研究付きの土地	verdaechtig_kurz_oder_falsch
39362	cs	Grundstück mit Planungsstudie am Fuße des Wilden Kaisers	Mercedes-Benz 250 SE	verdaechtig_kurz_oder_falsch
39362	ru	Grundstück mit Planungsstudie am Fuße des Wilden Kaisers	Mercedes-Benz 250 SE	verdaechtig_kurz_oder_falsch
39362	es	Grundstück mit Planungsstudie am Fuße des Wilden Kaisers	Mercedes-Benz 250 SE	verdaechtig_kurz_oder_falsch
39362	nl	Grundstück mit Planungsstudie am Fuße des Wilden Kaisers	Mercedes-Benz 250 SE	verdaechtig_kurz_oder_falsch
39362	pl	Grundstück mit Planungsstudie am Fuße des Wilden Kaisers	Mercedes-Benz 250 SE	verdaechtig_kurz_oder_falsch
39363	ja	Zwei Grundstücke mit Planungsstudie am Fuße des Wilden Kaisers	ワイルド・カイザーのふもとにある2つの土地と計画研究	verdaechtig_kurz_oder_falsch
39364	ja	Alfa Romeo Giulia Quadrifoglio Akrapovic Sparco Carbon Seat	理想的な静かな場所にある避難所	verdaechtig_kurz_oder_falsch
39364	ja	Refugium in idyllischer Ruhelage	理想的な静かな場所にある避難所	verdaechtig_kurz_oder_falsch
39365	ja	Skihütte & Gastgewerbebetrieb mit exklusiver Wohnmöglichkeit	スキー小屋＆ホスピタリティ事業、豪華な居住空間付き	verdaechtig_kurz_oder_falsch
39366	ja	großzügige Pension in sehr guter Lage	非常に良い場所にある寛大なペンション	verdaechtig_kurz_oder_falsch
39368	en	Historisches Bauernhaus in Grün-Ruhelage	Mercedes-Benz 250 SE	verdaechtig_kurz_oder_falsch
39368	fr	Historisches Bauernhaus in Grün-Ruhelage	Mercedes-Benz 250 SE	verdaechtig_kurz_oder_falsch
39368	it	Historisches Bauernhaus in Grün-Ruhelage	Mercedes-Benz 250 SE	verdaechtig_kurz_oder_falsch
39368	tr	Historisches Bauernhaus in Grün-Ruhelage	Mercedes-Benz 250 SE	verdaechtig_kurz_oder_falsch
39368	ja	Historisches Bauernhaus in Grün-Ruhelage	Mercedes-Benz 250 SE	verdaechtig_kurz_oder_falsch
39368	ja	Historisches Bauernhaus in Grün-Ruhelage	歴史的な農家住宅、緑豊かで静かな場所に位置	verdaechtig_kurz_oder_falsch
39368	cs	Historisches Bauernhaus in Grün-Ruhelage	Mercedes-Benz 250 SE	verdaechtig_kurz_oder_falsch
39368	ru	Historisches Bauernhaus in Grün-Ruhelage	Mercedes-Benz 250 SE	verdaechtig_kurz_oder_falsch
39368	es	Historisches Bauernhaus in Grün-Ruhelage	Mercedes-Benz 250 SE	verdaechtig_kurz_oder_falsch
39368	nl	Historisches Bauernhaus in Grün-Ruhelage	Mercedes-Benz 250 SE	verdaechtig_kurz_oder_falsch
39368	pl	Historisches Bauernhaus in Grün-Ruhelage	Mercedes-Benz 250 SE	verdaechtig_kurz_oder_falsch
39369	en	Immogold Sizilien beeindruckendes, großes Doppelhaus ganz nahe am Meer mit sechs Schlafzimmern, Dachterrasse und mediterranen Gärten	Fiat 500 Yamaha Motor	verdaechtig_kurz_oder_falsch
39369	fr	Immogold Sizilien beeindruckendes, großes Doppelhaus ganz nahe am Meer mit sechs Schlafzimmern, Dachterrasse und mediterranen Gärten	Fiat 500 Yamaha Motor	verdaechtig_kurz_oder_falsch
39369	it	Immogold Sizilien beeindruckendes, großes Doppelhaus ganz nahe am Meer mit sechs Schlafzimmern, Dachterrasse und mediterranen Gärten	Fiat 500 Yamaha Motor	verdaechtig_kurz_oder_falsch
39369	tr	Immogold Sizilien beeindruckendes, großes Doppelhaus ganz nahe am Meer mit sechs Schlafzimmern, Dachterrasse und mediterranen Gärten	Fiat 500 Yamaha Motor	verdaechtig_kurz_oder_falsch
39369	ja	Immogold Sizilien beeindruckendes, großes Doppelhaus ganz nahe am Meer mit sechs Schlafzimmern, Dachterrasse und mediterranen Gärten	Fiat 500 Yamaha Motor	verdaechtig_kurz_oder_falsch
39369	ja	Immogold Sizilien beeindruckendes, großes Doppelhaus ganz nahe am Meer mit sechs Schlafzimmern, Dachterrasse und mediterranen Gärten	Immogoldシチリア島の印象的で広々とした二世帯住宅は、海のすぐ近くに位置し、6つの寝室、屋上テラス、地中海風の庭園があります。	verdaechtig_kurz_oder_falsch
39369	cs	Immogold Sizilien beeindruckendes, großes Doppelhaus ganz nahe am Meer mit sechs Schlafzimmern, Dachterrasse und mediterranen Gärten	Fiat 500 Yamaha Motor	verdaechtig_kurz_oder_falsch
39369	ru	Immogold Sizilien beeindruckendes, großes Doppelhaus ganz nahe am Meer mit sechs Schlafzimmern, Dachterrasse und mediterranen Gärten	Fiat 500 Yamaha Motor	verdaechtig_kurz_oder_falsch
39369	es	Immogold Sizilien beeindruckendes, großes Doppelhaus ganz nahe am Meer mit sechs Schlafzimmern, Dachterrasse und mediterranen Gärten	Fiat 500 Yamaha Motor	verdaechtig_kurz_oder_falsch
39369	nl	Immogold Sizilien beeindruckendes, großes Doppelhaus ganz nahe am Meer mit sechs Schlafzimmern, Dachterrasse und mediterranen Gärten	Fiat 500 Yamaha Motor	verdaechtig_kurz_oder_falsch
39369	pl	Immogold Sizilien beeindruckendes, großes Doppelhaus ganz nahe am Meer mit sechs Schlafzimmern, Dachterrasse und mediterranen Gärten	Fiat 500 Yamaha Motor	verdaechtig_kurz_oder_falsch
39371	en	perfekt geschnittene Wohnung in zentraler Lage	Abarth 500 Yamaha Motor	verdaechtig_kurz_oder_falsch
39371	fr	perfekt geschnittene Wohnung in zentraler Lage	Abarth 500 Yamaha Motor	verdaechtig_kurz_oder_falsch
39371	it	perfekt geschnittene Wohnung in zentraler Lage	Abarth 500 Yamaha Motor	verdaechtig_kurz_oder_falsch
39371	tr	perfekt geschnittene Wohnung in zentraler Lage	Abarth 500 Yamaha Motor	verdaechtig_kurz_oder_falsch
39371	ja	perfekt geschnittene Wohnung in zentraler Lage	アバルト 500 ヤマハモーター	verdaechtig_kurz_oder_falsch
39371	ja	perfekt geschnittene Wohnung in zentraler Lage	中心部に位置する完璧に仕上げられたアパートメント	verdaechtig_kurz_oder_falsch
39371	cs	perfekt geschnittene Wohnung in zentraler Lage	Abarth 500 Yamaha Motor	verdaechtig_kurz_oder_falsch
39371	ru	perfekt geschnittene Wohnung in zentraler Lage	Abarth 500 Yamaha Motor	verdaechtig_kurz_oder_falsch
39371	es	perfekt geschnittene Wohnung in zentraler Lage	Abarth 500 Yamaha Motor	verdaechtig_kurz_oder_falsch
39371	nl	perfekt geschnittene Wohnung in zentraler Lage	Abarth 500 Yamaha Motor	verdaechtig_kurz_oder_falsch
39371	pl	perfekt geschnittene Wohnung in zentraler Lage	Abarth 500 Yamaha Motor	verdaechtig_kurz_oder_falsch
39371	au	perfekt geschnittene Wohnung in zentraler Lage	Abarth 500 Yamaha Motor	verdaechtig_kurz_oder_falsch
39372	en	Luxus-Penthouse mit Panoramablick in sonniger Top-Ruhelage	BMW 850 8 Series 850Ci (850i)	verdaechtig_kurz_oder_falsch
39372	fr	Luxus-Penthouse mit Panoramablick in sonniger Top-Ruhelage	BMW 850 8er 850Ci (850i)	verdaechtig_kurz_oder_falsch
39372	it	Luxus-Penthouse mit Panoramablick in sonniger Top-Ruhelage	BMW 850 8er 850Ci (850i)	verdaechtig_kurz_oder_falsch
39372	tr	Luxus-Penthouse mit Panoramablick in sonniger Top-Ruhelage	BMW 850 8er 850Ci (850i)	verdaechtig_kurz_oder_falsch
39372	ja	Luxus-Penthouse mit Panoramablick in sonniger Top-Ruhelage	BMW 850 8er 850Ci (850i)	verdaechtig_kurz_oder_falsch
39372	cs	Luxus-Penthouse mit Panoramablick in sonniger Top-Ruhelage	BMW 850 8er 850Ci (850i)	verdaechtig_kurz_oder_falsch
39372	ru	Luxus-Penthouse mit Panoramablick in sonniger Top-Ruhelage	BMW 850 8er 850Ci (850i)	verdaechtig_kurz_oder_falsch
39372	es	Luxus-Penthouse mit Panoramablick in sonniger Top-Ruhelage	BMW 850 8er 850Ci (850i)	verdaechtig_kurz_oder_falsch
39372	nl	Luxus-Penthouse mit Panoramablick in sonniger Top-Ruhelage	BMW 850 8er 850Ci (850i)	verdaechtig_kurz_oder_falsch
39372	pl	Luxus-Penthouse mit Panoramablick in sonniger Top-Ruhelage	BMW 850 8er 850Ci (850i)	verdaechtig_kurz_oder_falsch
39374	ja	Voll möblierte Doppelhaushälfte mit Pool, Meerblick und hochwertiger Ausstattung – Privlaka	プール、海の眺め、高品質な設備を備えた完全家具付きの二世帯住宅 - プリヴラカ	verdaechtig_kurz_oder_falsch
39375	ja	Porsche 911 992 Turbo Cabriolet SportDesign Aero-Kit	家具付きの石造りの家、屋上テラス、海の眺め	verdaechtig_kurz_oder_falsch
39375	ja	Möbliertes Steinhaus mit Dachterrasse und Meerblick	家具付きの石造りの家、屋上テラス、海の眺め	verdaechtig_kurz_oder_falsch
39376	ja	Porsche 911 997 Carrera 4 S Cabrio Sportabgas BRD 2.Hand	ガーデンリビング 2.0 - ダイヤモンドヒルズエリア	verdaechtig_kurz_oder_falsch
39377	ja	Hochwertig sanierte Wohnung mit außergewöhnlichem Raumgefühl	高品質な改装済みの住居で、卓越した空間感覚を持っています	verdaechtig_kurz_oder_falsch
39378	ja	BMW M4 Coupe BRD 1.Hand Unfallfrei Sammlerfahrzeug	海辺に面した1列目の家	verdaechtig_kurz_oder_falsch
39378	ja	Haus in der 1. Reihe zum Meeresufer	海辺に面した1列目の家	verdaechtig_kurz_oder_falsch
39379	ja	Geräumiges Haus mit Pool und Meerblick	プールと海の眺めがある広々とした家	verdaechtig_kurz_oder_falsch
39380	ja	Corvette C8 6.2 V8 Stingray 2LT Targa Unfallfrei EU-Spec	海の美しい景色が見えるアパートメント	verdaechtig_kurz_oder_falsch
39380	ja	Wohnung mit schönem Blick auf das Meer	海の美しい景色が見えるアパートメント	verdaechtig_kurz_oder_falsch
39383	ja	Jeep Unlimited 80th Anniversary,Borla Auspuff,Sonder!	地中海風の家、素晴らしい海の眺め	verdaechtig_kurz_oder_falsch
39383	ja	Mediterranes Haus mit wunderschönem Meerblick	地中海風の家、素晴らしい海の眺め	verdaechtig_kurz_oder_falsch
39386	it	Land Rover Defender 90 D200 X-Dynamic SE 2,99 FINANZIERUNG	Appartamento duplex sul mare	verdaechtig_kurz_oder_falsch
39386	tr	Land Rover Defender 90 D200 X-Dynamic SE 2,99 FINANZIERUNG	Deniz Kenarında Dubleks Daire	verdaechtig_kurz_oder_falsch
39386	ja	Land Rover Defender 90 D200 X-Dynamic SE 2,99 FINANZIERUNG	海辺のメゾネットアパートメント	verdaechtig_kurz_oder_falsch
39386	cs	Land Rover Defender 90 D200 X-Dynamic SE 2,99 FINANZIERUNG	Mezonetový byt u moře	verdaechtig_kurz_oder_falsch
39386	ru	Land Rover Defender 90 D200 X-Dynamic SE 2,99 FINANZIERUNG	Мезонет у моря	verdaechtig_kurz_oder_falsch
39386	nl	Land Rover Defender 90 D200 X-Dynamic SE 2,99 FINANZIERUNG	Maisonettewoning aan zee	verdaechtig_kurz_oder_falsch
39387	ja	Land Rover Range Rover Velar D300 AWD Autobiography	4つのアパートメントの建築許可を持つタウンハウス	verdaechtig_kurz_oder_falsch
39389	tr	Land Rover Range Rover Evoque D165 AWD DYNAMIC SE 20 PANO	Merkez yakınında depo / atölye	verdaechtig_kurz_oder_falsch
39389	ja	Land Rover Range Rover Evoque D165 AWD DYNAMIC SE 20 PANO	中心部に近い場所の倉庫 / 作業場	verdaechtig_kurz_oder_falsch
39389	ja	Lagerhalle / Werkstatt in zentrumsnaher Lage	中心部に近い場所の倉庫 / 作業場	verdaechtig_kurz_oder_falsch
39390	ja	Land Rover Defender 110 D250 MHD X-DYNAMIC SE AHK	美しい海の眺めの新しいアパートメント	verdaechtig_kurz_oder_falsch
39391	ja	Luxuriöse Villa im modernen Stil mit Infinity-Pool und Panorama-Meerblick an der Opatija Riviera	オパティアリビエラのモダンなスタイルの豪華なヴィラ、インフィニティプールとパノラマ海景	verdaechtig_kurz_oder_falsch
39392	ja	Land Rover Range Rover Sport D300 Dynamic SE	海の近くの現代的な新築アパートメント	verdaechtig_kurz_oder_falsch
39392	ja	Moderne Neubauwohnungen nahe dem Meer	海の近くの現代的な新築アパートメント	verdaechtig_kurz_oder_falsch
39394	ja	Volkswagen Golf Cabriolet White Edition	市内中心部のポップアップストア	verdaechtig_kurz_oder_falsch
39395	ja	Grundstück mit Baugenehmigung für 2 Chalets - Freizeitwohnsitz	2つのシャレー用の建築許可がある土地 - 余暇用住宅	verdaechtig_kurz_oder_falsch
39396	ja	Terrassenwohnung in exklusivem Neubau am Fuße des Sonnbergs	ソンベルクのふもとにある高級新築のテラスハウス	verdaechtig_kurz_oder_falsch
39398	ja	Doppelhaushälfte mit 2 Wohnungen	2つの住戸がある二世帯住宅	verdaechtig_kurz_oder_falsch
39399	ja	Wohnung in der zweiten Reihe zum Meer	海に面した2列目のアパートメント	verdaechtig_kurz_oder_falsch
39400	en	Moderne Doppelhaushälfte mit Garten, Region Porec	Porsche 911 GT3 RS	verdaechtig_kurz_oder_falsch
39400	fr	Moderne Doppelhaushälfte mit Garten, Region Porec	Porsche 911 GT3 RS	verdaechtig_kurz_oder_falsch
39400	it	Moderne Doppelhaushälfte mit Garten, Region Porec	Porsche 911 GT3 RS	verdaechtig_kurz_oder_falsch
39400	tr	Moderne Doppelhaushälfte mit Garten, Region Porec	Porsche 911 GT3 RS	verdaechtig_kurz_oder_falsch
39400	ja	Moderne Doppelhaushälfte mit Garten, Region Porec	Porsche 911 GT3 RS	verdaechtig_kurz_oder_falsch
39400	ja	Moderne Doppelhaushälfte mit Garten, Region Porec	ポレッチ地域のモダンな二世帯住宅（庭付き）	verdaechtig_kurz_oder_falsch
39400	cs	Moderne Doppelhaushälfte mit Garten, Region Porec	Porsche 911 GT3 RS	verdaechtig_kurz_oder_falsch
39400	ru	Moderne Doppelhaushälfte mit Garten, Region Porec	Porsche 911 GT3 RS	verdaechtig_kurz_oder_falsch
39400	es	Moderne Doppelhaushälfte mit Garten, Region Porec	Porsche 911 GT3 RS	verdaechtig_kurz_oder_falsch
39400	nl	Moderne Doppelhaushälfte mit Garten, Region Porec	Porsche 911 GT3 RS	verdaechtig_kurz_oder_falsch
39400	pl	Moderne Doppelhaushälfte mit Garten, Region Porec	Porsche 911 GT3 RS	verdaechtig_kurz_oder_falsch
39401	ja	Immogold viel Platz bietende, unverkennbare Villa in exzellenter Lage mit tollem Meerblick und vier Schlafzimmern gelegen an der ionischen Küste zwischen Catania und Syrakru	Immogoldの広々とした、特徴的なヴィラが素晴らしい海の眺めとともに、イオニア海沿いのカターニアとシラクサの間に位置し、4つの寝室があります。	verdaechtig_kurz_oder_falsch
39402	ja	Altbestand mit Potenzial in prominenter Toplage auf der Bichlalm	ビヒルアルムの著名なトップロケーションにある潜在能力を持つ既存の資産	verdaechtig_kurz_oder_falsch
39403	fr	Mercedes-Benz SL 43 AMG NIGHT / PREMIUM PLUS / MANUFAKTUR	Villa de luxe en centre-ville	verdaechtig_kurz_oder_falsch
39403	ja	Mercedes-Benz SL 43 AMG NIGHT / PREMIUM PLUS / MANUFAKTUR	中心地にある最高級のヴィラ	verdaechtig_kurz_oder_falsch
39403	ja	Villa der Superlative in Zentrumslage	中心地にある最高級のヴィラ	verdaechtig_kurz_oder_falsch
39403	ru	Mercedes-Benz SL 43 AMG NIGHT / PREMIUM PLUS / MANUFAKTUR	Вилла высшего класса в центре	verdaechtig_kurz_oder_falsch
39404	ja	Mercedes-Benz SL 43 AMG PREMIUM PLUS / AMG NIGHT / MANUFACTUR	ビヒルアルムの一等地にある建築用地	verdaechtig_kurz_oder_falsch
39404	ja	Baugrundstück in prominenter Toplage auf der Bichlalm	ビヒルアルムの一等地にある建築用地	verdaechtig_kurz_oder_falsch
39405	ja	Porsche Taycan BOSE 20-Zoll Panorama Luftfederung LED	広々としたカントリーハウス、角と皇帝の眺め	verdaechtig_kurz_oder_falsch
39405	ja	Großzügiges Landhaus mit Horn- und Kaiserblick	広々としたカントリーハウス、角と皇帝の眺め	verdaechtig_kurz_oder_falsch
39406	ja	Haus auf ruhiger Insel bei Trogir nahe dem Meer	トロギル近くの静かな島の家	verdaechtig_kurz_oder_falsch
39407	ja	Porsche Macan BOSE Luftfederung 21-Zoll Rückfahrkamera	海辺の特別な場所にある家	verdaechtig_kurz_oder_falsch
39407	ja	Haus in außergewöhnlicher Lage direkt am Meer	海辺の特別な場所にある家	verdaechtig_kurz_oder_falsch
39408	ja	BMW X1 M35 i xDrive/M-Sport Pro/Panorama/*385€	海辺近くのメゾネットアパートメント	verdaechtig_kurz_oder_falsch
39408	ja	Maisonettewohnung nahe dem Meeresufer	海辺近くのメゾネットアパートメント	verdaechtig_kurz_oder_falsch
39481	ja	Jaguar Sovereign 3 Jahre Garantie Ausnahmefahrzeug	ジャガー・ソブリン 3年保証 例外車両	verdaechtig_kurz_oder_falsch
39538	ja	Audi S3 8v Limousine mit Guter Ausstattung	アウディ S3 8v セダン 良好な装備	verdaechtig_kurz_oder_falsch
39560	ja	Porsche 992 Spirit Sondermodell limitiert	ポルシェ 992 スピリット限定モデル	verdaechtig_kurz_oder_falsch
39582	ja	Jaguar Executive 3 Jahre Garantie Ausnahmefahrzeug	ジャガーエグゼクティブ 3年保証例外車両	verdaechtig_kurz_oder_falsch
39616	ja	Jaguar R der Beste auf dem Markt 3 Jahre Garantie	ジャガーRは市場で最高です 3年間の保証	verdaechtig_kurz_oder_falsch
72930	en	Unbekannt	Unknown	verdaechtig_kurz_oder_falsch
72930	fr	Unbekannt	Inconnu	verdaechtig_kurz_oder_falsch
72930	tr	Unbekannt	Unknown	verdaechtig_kurz_oder_falsch
72930	ja	Unbekannt	Unknown	verdaechtig_kurz_oder_falsch
72930	cs	Unbekannt	Unknown	verdaechtig_kurz_oder_falsch
72930	ru	Unbekannt	Unknown	verdaechtig_kurz_oder_falsch
72930	es	Unbekannt	Unknown	verdaechtig_kurz_oder_falsch
72930	nl	Unbekannt	Unknown	verdaechtig_kurz_oder_falsch
72930	pl	Unbekannt	Unknown	verdaechtig_kurz_oder_falsch
79250	ja	Rib-X International SOLAS-zugelassener Rettungsboot SOLAS Rettungsboot	リブ-Xインターナショナル SOLAS認定救助艇 SOLAS救助艇	verdaechtig_kurz_oder_falsch
82172	ja	 Amerikanische Fallschirmspringeruhr 	アメリカ製パラシュートジャンプ時計	verdaechtig_kurz_oder_falsch
92268	ru	Fashion 68	Мода 68	verdaechtig_kurz_oder_falsch
92321	ja	Azimut 50	アジマット50	verdaechtig_kurz_oder_falsch
113293	en	Neel 43	Neel 43	uebernommen_identisch
113293	fr	Neel 43	Neel 43	uebernommen_identisch
113293	it	Neel 43	Neel 43	uebernommen_identisch
113293	tr	Neel 43	Neel 43	uebernommen_identisch
113293	ja	Neel 43	Neel 43	uebernommen_identisch
113293	cs	Neel 43	Neel 43	uebernommen_identisch
113293	ru	Neel 43	Neel 43	uebernommen_identisch
113293	es	Neel 43	Neel 43	uebernommen_identisch
113293	nl	Neel 43	Neel 43	uebernommen_identisch
113293	pl	Neel 43	Neel 43	uebernommen_identisch
113293	au	Neel 43	Neel 43	uebernommen_identisch
116440	ja	Azimut 60	アジマット60	verdaechtig_kurz_oder_falsch
128137	it	Fashion 68	Moda 68	verdaechtig_kurz_oder_falsch
128137	tr	Fashion 68	Moda 68	verdaechtig_kurz_oder_falsch
128137	ru	Fashion 68	Мода 68	verdaechtig_kurz_oder_falsch
128137	es	Fashion 68	Moda 68	verdaechtig_kurz_oder_falsch
128137	nl	Fashion 68	Mode 68	verdaechtig_kurz_oder_falsch
128137	pl	Fashion 68	Moda 68	verdaechtig_kurz_oder_falsch
131959	en	Baia 50	Baia 50	uebernommen_identisch
131959	fr	Baia 50	Baia 50	uebernommen_identisch
131959	it	Baia 50	Baia 50	uebernommen_identisch
131959	tr	Baia 50	Baia 50	uebernommen_identisch
131959	ja	Baia 50	Baia 50	uebernommen_identisch
131959	cs	Baia 50	Baia 50	uebernommen_identisch
131959	ru	Baia 50	Baia 50	uebernommen_identisch
131959	es	Baia 50	Baia 50	uebernommen_identisch
131959	nl	Baia 50	Baia 50	uebernommen_identisch
131959	pl	Baia 50	Baia 50	uebernommen_identisch
131959	au	Baia 50	Baia 50	uebernommen_identisch
138744	ja	Azimut 51	アジマット51	verdaechtig_kurz_oder_falsch
138748	ja	Azimut S7	アジマットS7	verdaechtig_kurz_oder_falsch
145430	ja	Hanse 505	ハンゼ 505	verdaechtig_kurz_oder_falsch
145833	ja	Bavaria 37	ババリア 37	verdaechtig_kurz_oder_falsch
145989	ja	Lagoon 51	ラグーン 51	verdaechtig_kurz_oder_falsch
147443	ja	Pardo P38	パルド P38	verdaechtig_kurz_oder_falsch
156269	ja	Bali 4.0	バリ 4.0	verdaechtig_kurz_oder_falsch
156296	ja	Lagoon 40	ラグーン 40	verdaechtig_kurz_oder_falsch
156297	ja	Lagoon 42	ラグーン 42	verdaechtig_kurz_oder_falsch
156305	ja	Hanse 388	ハンゼ 388	verdaechtig_kurz_oder_falsch
160451	ja	Azimut 43	アジマス43	verdaechtig_kurz_oder_falsch
160463	ja	Sessa C52	セッサ C52	verdaechtig_kurz_oder_falsch
160504	ja	Cranchi 60	クランチ 60	verdaechtig_kurz_oder_falsch
160506	ja	Azimut 43	アジマス 43	verdaechtig_kurz_oder_falsch
160518	ja	Azimut 80	アジマット80	verdaechtig_kurz_oder_falsch
162541	ja	Excess 15	超過15	verdaechtig_kurz_oder_falsch
168770	ja	Lagoon 39	ラグーン 39	verdaechtig_kurz_oder_falsch
168773	ja	Hanse 315	ハンゼ 315	verdaechtig_kurz_oder_falsch
168946	en	CNB 76	CNB 76	uebernommen_identisch
168946	fr	CNB 76	CNB 76	uebernommen_identisch
168946	it	CNB 76	CNB 76	uebernommen_identisch
168946	tr	CNB 76	CNB 76	uebernommen_identisch
168946	ja	CNB 76	CNB 76	uebernommen_identisch
168946	cs	CNB 76	CNB 76	uebernommen_identisch
168946	ru	CNB 76	CNB 76	uebernommen_identisch
168946	es	CNB 76	CNB 76	uebernommen_identisch
168946	nl	CNB 76	CNB 76	uebernommen_identisch
168946	pl	CNB 76	CNB 76	uebernommen_identisch
168948	ja	Unbekannte Orcades	未知のオルカデス	verdaechtig_kurz_oder_falsch
169643	ja	Azimut 60	アジマット60	verdaechtig_kurz_oder_falsch
169646	ja	Sessa C68	セッサ C68	verdaechtig_kurz_oder_falsch
169652	ja	Azimut 62S	アジマス62S	verdaechtig_kurz_oder_falsch
169653	ja	Azimut 60	アジマス60	verdaechtig_kurz_oder_falsch
169663	ja	Azimut 66	アジマット66	verdaechtig_kurz_oder_falsch
169675	ja	Abacus 70	アバカス 70	verdaechtig_kurz_oder_falsch
170298	ja	Aikane 56	アイカネ 56	verdaechtig_kurz_oder_falsch
170306	tr	Maßgeschneidert 57 ft	Özel 57 ft	verdaechtig_kurz_oder_falsch
170306	ja	Maßgeschneidert 57 ft	カスタム57フィート	verdaechtig_kurz_oder_falsch
170317	en	Sly 54	Sly 54	uebernommen_identisch
170317	fr	Sly 54	Sly 54	uebernommen_identisch
170317	it	Sly 54	Sly 54	uebernommen_identisch
170317	tr	Sly 54	Sly 54	uebernommen_identisch
170317	ja	Sly 54	Sly 54	uebernommen_identisch
170317	cs	Sly 54	Sly 54	uebernommen_identisch
170317	ru	Sly 54	Sly 54	uebernommen_identisch
170317	es	Sly 54	Sly 54	uebernommen_identisch
170317	nl	Sly 54	Sly 54	uebernommen_identisch
170317	pl	Sly 54	Sly 54	uebernommen_identisch
170353	ja	Hanse 461	ハンゼ 461	verdaechtig_kurz_oder_falsch
171387	ja	Aquila 32	アクイラ 32	verdaechtig_kurz_oder_falsch
171411	en	Hcb 42	Hcb 42	uebernommen_identisch
171411	fr	Hcb 42	Hcb 42	uebernommen_identisch
171411	it	Hcb 42	Hcb 42	uebernommen_identisch
171411	tr	Hcb 42	Hcb 42	uebernommen_identisch
171411	ja	Hcb 42	Hcb 42	uebernommen_identisch
171411	cs	Hcb 42	Hcb 42	uebernommen_identisch
171411	ru	Hcb 42	Hcb 42	uebernommen_identisch
171411	es	Hcb 42	Hcb 42	uebernommen_identisch
171411	nl	Hcb 42	Hcb 42	uebernommen_identisch
171411	pl	Hcb 42	Hcb 42	uebernommen_identisch
171631	ja	Unbesiegbarer 37 Katamaran	無敵の37キャタマラン	verdaechtig_kurz_oder_falsch
171664	ja	Bali \t5.8 Verfügbar zum Bestellen	バリ \t5.8 注文可能	verdaechtig_kurz_oder_falsch
171836	ja	Sabre 402	サブレ 402	verdaechtig_kurz_oder_falsch
171842	ja	Cobalt R4	コバルト R4	verdaechtig_kurz_oder_falsch
171857	ja	Aquila 36	アクイラ 36	verdaechtig_kurz_oder_falsch
171870	ja	Tiara Yachts 44 Coupe Present Tense	ティアラ・ヨット 44クーペ 現在形	verdaechtig_kurz_oder_falsch
171897	ja	Aquila 32	アクイラ 32	verdaechtig_kurz_oder_falsch
171901	en	Hcb 53	Hcb 53	uebernommen_identisch
171901	fr	Hcb 53	Hcb 53	uebernommen_identisch
171901	it	Hcb 53	Hcb 53	uebernommen_identisch
171901	tr	Hcb 53	Hcb 53	uebernommen_identisch
171901	ja	Hcb 53	Hcb 53	uebernommen_identisch
171901	cs	Hcb 53	Hcb 53	uebernommen_identisch
171901	ru	Hcb 53	Hcb 53	uebernommen_identisch
171901	es	Hcb 53	Hcb 53	uebernommen_identisch
171901	nl	Hcb 53	Hcb 53	uebernommen_identisch
171901	pl	Hcb 53	Hcb 53	uebernommen_identisch
171904	ja	Nomad 101	ノマド101	verdaechtig_kurz_oder_falsch
171911	ja	Burger 65	バーガー65	verdaechtig_kurz_oder_falsch
172015	ja	Azimut 66	アジマット66	verdaechtig_kurz_oder_falsch
172036	ja	Azimut 50	アジマス50	verdaechtig_kurz_oder_falsch
172353	ja	Beneteau Antares 11 VERFÜGBAR ZUM BESTELLEN	ベネトー アンタレス 11 注文可能	verdaechtig_kurz_oder_falsch
172376	ja	Marquis 59	マルキ 59	verdaechtig_kurz_oder_falsch
172378	ja	Bahama 41	バハマ 41	verdaechtig_kurz_oder_falsch
172558	ja	Pirelli P35	ピレリ P35	verdaechtig_kurz_oder_falsch
172790	ja	Testjacht	テストヨット	verdaechtig_kurz_oder_falsch
172857	ja	Sealine C330 Exzellentes Beispiel	Sealine C330 優れた例	verdaechtig_kurz_oder_falsch
172894	ja	Prestige F4.9 NEUER BESTAND SOFORT VERFÜGBAR	プレステージF4.9 新在庫が即座に利用可能	verdaechtig_kurz_oder_falsch
172918	en	Nachbildung einer niederländischen Barge, 57 Fuß	Dutch Barge Replica 57ft	verdaechtig_kurz_oder_falsch
172918	ja	Nachbildung einer niederländischen Barge, 57 Fuß	オランダバージレプリカ 57フィート	verdaechtig_kurz_oder_falsch
172964	ja	Stevens 1200 Vlet Lying Elsewhere nur nach Vereinbarung besichtbar	Stevens 1200 Vlet 他の場所での閲覧は予約制のみです	verdaechtig_kurz_oder_falsch
172986	ja	Broom 33	ほうき 33	verdaechtig_kurz_oder_falsch
173001	ja	Regal LX6	レガル LX6	verdaechtig_kurz_oder_falsch
173011	ja	Princess V40 KEINE SORGEN VON HAMBLE	プリンセスV40 ハンブルの心配なし	verdaechtig_kurz_oder_falsch
173013	ja	R.S.Boats Nachbildung einer niederländischen Barge M B Ellie	R.S.Boats レプリカ オランダバージ M B Ellie	verdaechtig_kurz_oder_falsch
173042	ja	Lagoon 42	ラグーン 42	verdaechtig_kurz_oder_falsch
173048	ja	Bali 4.5	バリ 4.5	verdaechtig_kurz_oder_falsch
173050	ja	Hanse 588	ハンゼ 588	verdaechtig_kurz_oder_falsch
173053	ja	Perama Piraeus Tagespassagierschiff	ペラマピレウス日間旅客船	verdaechtig_kurz_oder_falsch
173076	ja	Sargo 45	サルゴ 45	verdaechtig_kurz_oder_falsch
173082	ja	Lagoon 52	ラグーン 52	verdaechtig_kurz_oder_falsch
173083	ja	Lagoon 50	ラグーン50	verdaechtig_kurz_oder_falsch
173084	ja	Lagoon 50	ラグーン50	verdaechtig_kurz_oder_falsch
173090	ja	Bali 4.5	バリ 4.5	verdaechtig_kurz_oder_falsch
173091	ja	Bali 4.3	バリ 4.3	verdaechtig_kurz_oder_falsch
173112	ja	Hanse 458	ハンゼ 458	verdaechtig_kurz_oder_falsch
173146	ja	Azimut 54	アジマット54	verdaechtig_kurz_oder_falsch
173158	en	Ruby 68	Ruby 68	uebernommen_identisch
173158	fr	Ruby 68	Ruby 68	uebernommen_identisch
173158	it	Ruby 68	Ruby 68	uebernommen_identisch
173158	tr	Ruby 68	Ruby 68	uebernommen_identisch
173158	ja	Ruby 68	ルビー 68	verdaechtig_kurz_oder_falsch
173158	cs	Ruby 68	Ruby 68	uebernommen_identisch
173158	es	Ruby 68	Rubí 68	verdaechtig_kurz_oder_falsch
173158	nl	Ruby 68	Ruby 68	uebernommen_identisch
173158	pl	Ruby 68	Ruby 68	uebernommen_identisch
173187	en	Ruby 80	Ruby 80	uebernommen_identisch
173187	fr	Ruby 80	Ruby 80	uebernommen_identisch
173187	it	Ruby 80	Ruby 80	uebernommen_identisch
173187	tr	Ruby 80	Ruby 80	uebernommen_identisch
173187	ja	Ruby 80	ルビー 80	verdaechtig_kurz_oder_falsch
173187	cs	Ruby 80	Ruby 80	uebernommen_identisch
173187	es	Ruby 80	Rubí 80	verdaechtig_kurz_oder_falsch
173187	nl	Ruby 80	Ruby 80	uebernommen_identisch
173187	pl	Ruby 80	Ruby 80	uebernommen_identisch
173192	en	Ruby 62	Ruby 62	uebernommen_identisch
173192	fr	Ruby 62	Ruby 62	uebernommen_identisch
173192	it	Ruby 62	Ruby 62	uebernommen_identisch
173192	tr	Ruby 62	Ruby 62	uebernommen_identisch
173192	ja	Ruby 62	ルビー 62	verdaechtig_kurz_oder_falsch
173192	cs	Ruby 62	Ruby 62	uebernommen_identisch
173192	ru	Ruby 62	Руби 62	verdaechtig_kurz_oder_falsch
173192	es	Ruby 62	Ruby 62	uebernommen_identisch
173192	nl	Ruby 62	Ruby 62	uebernommen_identisch
173192	pl	Ruby 62	Ruby 62	uebernommen_identisch
173204	ja	Azimut 60	アジマス60	verdaechtig_kurz_oder_falsch
173218	ja	Azimut 62	アジマス62	verdaechtig_kurz_oder_falsch
173259	ja	Azimut 66	アジマット66	verdaechtig_kurz_oder_falsch
173262	ja	Lagoon 42	ラグーン 42	verdaechtig_kurz_oder_falsch
173286	ja	Ruby 65s	ルビー 65秒	verdaechtig_kurz_oder_falsch
173287	ja	Rivamare	リヴァマーレ	verdaechtig_kurz_oder_falsch
173288	ja	Azimut 50	アジマス50	verdaechtig_kurz_oder_falsch
173305	ja	Bali 4.2	バリ 4.2	verdaechtig_kurz_oder_falsch
173336	ja	Azimut 50	アジマット50	verdaechtig_kurz_oder_falsch
173349	ja	Lagoon 46	ラグーン 46	verdaechtig_kurz_oder_falsch
173357	ja	Excess 12	エクセス 12	verdaechtig_kurz_oder_falsch
173362	ja	Lagoon 50	ラグーン50	verdaechtig_kurz_oder_falsch
173387	ja	Azimut 53	アジマス 53	verdaechtig_kurz_oder_falsch
173391	en	Elan 40	Elan 40	uebernommen_identisch
173391	fr	Elan 40	Elan 40	uebernommen_identisch
173391	it	Elan 40	Elan 40	uebernommen_identisch
173391	tr	Elan 40	Elan 40	uebernommen_identisch
173391	ja	Elan 40	Elan 40	uebernommen_identisch
173391	cs	Elan 40	Elan 40	uebernommen_identisch
173391	ru	Elan 40	Elan 40	uebernommen_identisch
173391	es	Elan 40	Elan 40	uebernommen_identisch
173391	nl	Elan 40	Elan 40	uebernommen_identisch
173391	pl	Elan 40	Elan 40	uebernommen_identisch
173443	ja	Azimut 62	アジマス62	verdaechtig_kurz_oder_falsch
173448	ja	Bali 4.5	バリ 4.5	verdaechtig_kurz_oder_falsch
173454	ja	Bavaria 46	ババリア 46	verdaechtig_kurz_oder_falsch
173461	ja	Lagoon 52	ラグーン 52	verdaechtig_kurz_oder_falsch
173466	ja	Bavaria 46	ババリア 46	verdaechtig_kurz_oder_falsch
173496	en	Hanse	Hanse	uebernommen_identisch
173496	fr	Hanse	Hanse	uebernommen_identisch
173496	it	Hanse	Hanse	uebernommen_identisch
173496	tr	Hanse	Hanse	uebernommen_identisch
173496	ja	Hanse	ハンザ	verdaechtig_kurz_oder_falsch
173496	cs	Hanse	Hanse	uebernommen_identisch
173496	ru	Hanse	Ганза	verdaechtig_kurz_oder_falsch
173496	es	Hanse	Hanse	uebernommen_identisch
173496	nl	Hanse	Hanse	uebernommen_identisch
173496	pl	Hanse	Hanse	uebernommen_identisch
173503	ja	Hanse 508	ハンゼ 508	verdaechtig_kurz_oder_falsch
173504	ja	Hanse 508	ハンゼ 508	verdaechtig_kurz_oder_falsch
173506	ja	Lagoon 50	ラグーン50	verdaechtig_kurz_oder_falsch
173511	ja	Leopard 45	レパード 45	verdaechtig_kurz_oder_falsch
173512	ja	Lagoon 42	ラグーン 42	verdaechtig_kurz_oder_falsch
173514	ja	Abacus 70	アバカス 70	verdaechtig_kurz_oder_falsch
173545	ja	Hanse 455	ハンゼ 455	verdaechtig_kurz_oder_falsch
173548	ja	Lagoon 42	ラグーン 42	verdaechtig_kurz_oder_falsch
173552	ja	Azimut 60	アジマット60	verdaechtig_kurz_oder_falsch
173575	en	Amel 50	Amel 50	uebernommen_identisch
173575	fr	Amel 50	Amel 50	uebernommen_identisch
173575	it	Amel 50	Amel 50	uebernommen_identisch
173575	tr	Amel 50	Amel 50	uebernommen_identisch
173575	ja	Amel 50	アメル 50	verdaechtig_kurz_oder_falsch
173575	cs	Amel 50	Amel 50	uebernommen_identisch
173575	es	Amel 50	Amel 50	uebernommen_identisch
173575	nl	Amel 50	Amel 50	uebernommen_identisch
173575	pl	Amel 50	Amel 50	uebernommen_identisch
173576	ja	Solaris 58	ソラリス 58	verdaechtig_kurz_oder_falsch
173578	ja	Bavaria 50	ババリア 50	verdaechtig_kurz_oder_falsch
173597	ja	Hanse 460	ハンゼ 460	verdaechtig_kurz_oder_falsch
173599	ja	Klasse 40	クラス40	verdaechtig_kurz_oder_falsch
173604	ja	Hanse 400	ハンゼ 400	verdaechtig_kurz_oder_falsch
173609	ja	Pershing 56	パーシング56	verdaechtig_kurz_oder_falsch
173615	ja	Baustellen von Sarnico Maxim 55 Special	サルニコ工事現場 マキシム55スペシャル	verdaechtig_kurz_oder_falsch
173619	ja	Azimut 50	アジマス50	verdaechtig_kurz_oder_falsch
173624	ja	Excess 11	超過11	verdaechtig_kurz_oder_falsch
173632	ja	Hanse 400	ハンゼ 400	verdaechtig_kurz_oder_falsch
173636	ja	Azimut 66	アジマット66	verdaechtig_kurz_oder_falsch
173649	ja	Bali 4.3	バリ 4.3	verdaechtig_kurz_oder_falsch
173652	ja	Hanse 455	ハンゼ 455	verdaechtig_kurz_oder_falsch
173660	ru	Itama 46	Ита 46	verdaechtig_kurz_oder_falsch
173686	ja	Pardo P50	パルド P50	verdaechtig_kurz_oder_falsch
173689	en	Noah 33	Noah 33	uebernommen_identisch
173689	fr	Noah 33	Noah 33	uebernommen_identisch
173689	it	Noah 33	Noah 33	uebernommen_identisch
173689	tr	Noah 33	Noah 33	uebernommen_identisch
173689	ja	Noah 33	ノア 33	verdaechtig_kurz_oder_falsch
173689	cs	Noah 33	Noah 33	uebernommen_identisch
173689	ru	Noah 33	Ноа 33	verdaechtig_kurz_oder_falsch
173689	es	Noah 33	Noah 33	uebernommen_identisch
173689	nl	Noah 33	Noah 33	uebernommen_identisch
173689	pl	Noah 33	Noah 33	uebernommen_identisch
174145	ja	Präsident 56 Neue Linie Bel Ami	大統領56ニューラインベルアミ	verdaechtig_kurz_oder_falsch
174472	ja	Hanse 418	ハンゼ 418	verdaechtig_kurz_oder_falsch
431250	en	Lange I	Long I	verdaechtig_kurz_oder_falsch
431250	fr	Lange I	Lange I	uebernommen_identisch
431250	it	Lange I	Lange I	uebernommen_identisch
431250	tr	Lange I	Lange I	uebernommen_identisch
431250	ja	Lange I	長いI	verdaechtig_kurz_oder_falsch
431250	cs	Lange I	Lange I	uebernommen_identisch
431250	es	Lange I	Lange I	uebernommen_identisch
431250	nl	Lange I	Lange I	uebernommen_identisch
431250	pl	Lange I	Długa I	verdaechtig_kurz_oder_falsch
433211	ja	 IWC Fliegeruhr Chronograph Pilot Watch Chronograph Stainless Steel - 24 Months Warranty IW3780 	IWC パイロットウォッチ クロノグラフ ステンレススチール - 24ヶ月保証 IW3780	verdaechtig_kurz_oder_falsch
433293	ja	 IWC Fliegeruhr Chronograph Pilot Chronograph NEW FULL SET 	IWC パイロットクロノグラフ 新品 フルセット	verdaechtig_kurz_oder_falsch
433294	ja	 IWC Fliegeruhr Chronograph Pilot Chronograph NEW FULL SET 	IWC パイロット クロノグラフ 新品 フルセット	verdaechtig_kurz_oder_falsch
433302	ja	 IWC Fliegeruhr Doppelchronograph Pilot Double Chronograph NEW FULL SET 	IWC パイロットダブルクロノグラフ 新品完全セット	verdaechtig_kurz_oder_falsch
433303	ja	 IWC Fliegeruhr Chronograph Pilot's NEW FULL SET 	IWCパイロット・クロノグラフ新しいフルセット	verdaechtig_kurz_oder_falsch
433304	ja	 IWC Portugieser Ewiger Kalender Perpetual Calendar 44 NEW FULL SET 	IWC ポルトギーゼ パーペチュアルカレンダー 44 新品フルセット	verdaechtig_kurz_oder_falsch
433437	ja	 Omega Classic Vintage 30T2 RG Art Deco Chronometer Chronometre 35.5mm Steel Serviced 2366 	オメガクラシックヴィンテージ30T2 RGアールデコクロノメーター35.5mmスチール修理済み	verdaechtig_kurz_oder_falsch
437394	ja	 Panerai Submersible Carbotech Ø 42 mm 2 Armbänder Full Full Full Set Top Zustand 	パネライサブマーシブルカーボテックØ42mm 2つのストラップ フルセット最高の状態	verdaechtig_kurz_oder_falsch
437401	ja	Rolex Datejust 41 41mm Jubilee 126334 Blaues römisches Zifferblatt / Azzuro Blau, neuwertiger Zustand, vollständiges Set, 11-2025	ロレックスデイトジャスト41 41mmジュビリー126334ブルーローマダイヤル / アズーロブルー新品同様フルセット11-2025	verdaechtig_kurz_oder_falsch
437412	ja	Breitling Top Time B31 38 mm ungetragen, vollständiges Set, 2026, 8 Jahre Garantie	ブライトリング トップタイム B31 38mm 未使用 フルセット 2026年 8年保証	verdaechtig_kurz_oder_falsch
437457	ja	 IWC Schaffhausen Electronic 	IWCシャフハウゼン電子	verdaechtig_kurz_oder_falsch
437579	ja	 Rado Captain Cook High-Tech Hight-tech NEW FULL SET 	ラドー キャプテン クック ハイテク 新品フルセット	verdaechtig_kurz_oder_falsch
437580	ja	 Rado Captain Cook High-Tech Hight-tech NEW FULL SET 	ラドー キャプテン クック ハイテク 新品フルセット	verdaechtig_kurz_oder_falsch
437656	ja	Audemars Piguet Royal Oak grünes Zifferblatt, wie neu, vollständiges Set 2025	オーデマ・ピゲ ロイヤルオーク グリーンダイヤル 新品同様 完全セット 2025	verdaechtig_kurz_oder_falsch
437664	ja	Cartier Santos 100 XL Jubiläum weißes Zifferblatt Komplettset TOP Zustand Komplettset TOP Zustand	カルティエ サントス 100 XL アニバーサリー ホワイトダイヤル フルセット トップコンディション	verdaechtig_kurz_oder_falsch
437777	ja	 Rolex 935 Silber Klappdeckel Trench WW Niello Verzierung 1910 original Box original unpoliert Vintage Trench WW Niello Verzierung 935 Silber 	ロレックス935シルバー折りたたみ蓋トレンチWWニエロ装飾1910オリジナルボックスオリジナル未研磨ビンテージトレンチWWニエロ装飾935シルバー	verdaechtig_kurz_oder_falsch
437897	ja	Breitling Emergency II 51mm Gelb Zifferblatt Vollständiger Service Vollständiges Set	ブライトリングエマージェンシーII 51mm イエローダイヤル フルサービス フルセット	verdaechtig_kurz_oder_falsch
437909	ja	 Omega Seamaster 300 Excellent condition 	オメガ シーマスター 300 優れた状態	verdaechtig_kurz_oder_falsch
437922	ja	 Rolex Daytona Chromalight Excellent condition Box and papers 2015 	ロレックスデイトナクロマライト優れた状態箱と書類2015	verdaechtig_kurz_oder_falsch
438514	ja	IWC Große Fliegeruhr Big Pilot Perpetual Calendar Vollständiges Set Offene undateierte Garantiekarte	IWC 大型パイロットウォッチ ビッグパイロット パーペチュアルカレンダー フルセット オープン未日付保証書	verdaechtig_kurz_oder_falsch
438978	ja	 Kollokium Projekt 01 Variant G2 | Full Set 2025 | limited to 499 pieces 	コロッキウムプロジェクト01バリアントG2｜フルセット2025｜限定499個	verdaechtig_kurz_oder_falsch
439093	ja	Rolex Daytona Gold & Stahl Neuestes Modell 40mm Automatik Komplett	ロレックスデイトナゴールド＆ステンレス最新モデル40mm自動巻き完全品	verdaechtig_kurz_oder_falsch
